architecture,condition,roc_auc_mean,roc_auc_std_between_seeds,roc_auc_ci95_lower,roc_auc_ci95_upper,average_precision_mean,average_precision_std_between_seeds,average_precision_ci95_lower,average_precision_ci95_upper,sensitivity_mean,sensitivity_std_between_seeds,sensitivity_ci95_lower,sensitivity_ci95_upper,specificity_mean,specificity_std_between_seeds,specificity_ci95_lower,specificity_ci95_upper
resnet50,A,0.8026898195437521,0.04435695910162935,0.7120318352059926,0.8775195778004765,0.4483267192255796,0.10147906344132673,0.32542351107278855,0.6036487376676464,0.4696969696969697,0.1720881316909174,0.3181818181818182,0.6064393939393918,0.8895131086142323,0.10394523660208177,0.8576779026217228,0.9176029962546816
resnet50,B,0.723357167177392,0.007788908603070754,0.6134512257405517,0.8171624957439564,0.33786141430503513,0.057246413956941765,0.2210827068307501,0.5022880564729555,0.3333333333333333,0.026243194054073906,0.1818181818181818,0.4852272727272707,0.8876404494382023,0.04598512793186769,0.850187265917603,0.9194756554307116
resnet50,C,0.7659176029962547,0.015874300873316722,0.6545773748723187,0.8629575246850526,0.386913295374874,0.023786449274922853,0.2628424149683734,0.5723701073147927,0.4090909090909091,0.12026142323020866,0.25757575757575757,0.5606060606060607,0.9288389513108615,0.027712825069192405,0.900749063670412,0.9550561797752808
densenet121,A,0.8670411985018727,0.01782118833586731,0.794420326864147,0.9270535410282601,0.5392436794605252,0.06884610343947847,0.40480406508061,0.6999291708439866,0.6666666666666666,0.0946211817939151,0.5151515151515151,0.8030303030303031,0.8895131086142323,0.04908367948345002,0.8520599250936329,0.9232209737827715
densenet121,B,0.7722165474974464,0.0514598438926397,0.6933882362955397,0.8501064010895472,0.3559353338702507,0.027255560183503683,0.24643268495533133,0.5300525158572794,0.37878787878787873,0.06943296507508848,0.21212121212121213,0.5606060606060606,0.9119850187265918,0.0748126754885325,0.8782771535580524,0.9419475655430712
densenet121,C,0.771109976166156,0.01901780107443743,0.6645301327885598,0.8632213993871297,0.3953462430454591,0.03817448244085526,0.263597219289197,0.5771717714678297,0.5,0.16388869433927222,0.3333333333333333,0.6666666666666666,0.8932584269662921,0.014863771410475221,0.8558052434456928,0.9250936329588016
convnext_tiny,A,0.8433775961865849,0.036967064541634564,0.7625936329588014,0.9047667688117125,0.5412919866684299,0.043803064905445666,0.3812596960044144,0.699746296523108,0.45454545454545453,0.27648920592264636,0.30303030303030304,0.5909090909090909,0.9157303370786517,0.12192435064163315,0.8913857677902621,0.9382022471910112
convnext_tiny,B,0.7824310520939735,0.026660639706104595,0.6682754511406196,0.8735167688117126,0.44643848950655385,0.02989943759380667,0.30257332414437565,0.6273873342100018,0.5,0.16388869433927222,0.3333333333333333,0.6666666666666666,0.8632958801498128,0.16439985208755503,0.8295880149812733,0.8932584269662921
convnext_tiny,C,0.7961355124276474,0.05392103206567174,0.6778941096356826,0.8882511916922027,0.5085458618989376,0.0729363835783701,0.3760259635788817,0.662647775307853,0.6363636363636364,0.045454545454545414,0.4545454545454546,0.787878787878788,0.8389513108614232,0.12839670199567002,0.801498127340824,0.8726591760299626
