architecture,contrast,metric,observed_difference,ci95_lower,ci95_upper,n_bootstrap,bootstrap_seed
resnet50,B-A,roc_auc,-0.07933265236636011,-0.19094739530132793,0.029287963908750332,2000,2026
resnet50,B-A,average_precision,-0.11046530492054446,-0.2572595817788943,0.038553108268932545,2000,2026
resnet50,B-A,sensitivity,-0.1363636363636364,-0.3030303030303031,0.045454545454545414,2000,2026
resnet50,B-A,specificity,-0.0018726591760299671,-0.041198501872659055,0.035580524344569375,2000,2026
resnet50,C-A,roc_auc,-0.036772216547497405,-0.13526557711950968,0.06061244467143335,2000,2026
resnet50,C-A,average_precision,-0.061413423850705584,-0.1817225139447453,0.08100431114457558,2000,2026
resnet50,C-A,sensitivity,-0.06060606060606061,-0.196969696969697,0.07575757575757575,2000,2026
resnet50,C-A,specificity,0.0393258426966292,0.005617977528090012,0.0730805243445692,2000,2026
resnet50,B-C,roc_auc,-0.04256043581886271,-0.11329588014981273,0.026989700374531866,2000,2026
resnet50,B-C,average_precision,-0.049051881069838876,-0.17660744191043662,0.04782323187234292,2000,2026
resnet50,B-C,sensitivity,-0.0757575757575758,-0.25757575757575746,0.07575757575757569,2000,2026
resnet50,B-C,specificity,-0.041198501872659166,-0.07303370786516872,-0.01123595505617991,2000,2026
densenet121,B-A,roc_auc,-0.09482465100442627,-0.18301838610827367,-0.0010214504596527396,2000,2026
densenet121,B-A,average_precision,-0.18330834559027448,-0.33981502760875953,-0.014510600841632318,2000,2026
densenet121,B-A,sensitivity,-0.2878787878787879,-0.48484848484848475,-0.0757575757575758,2000,2026
densenet121,B-A,specificity,0.022471910112359494,-0.013108614232209662,0.059925093632958615,2000,2026
densenet121,C-A,roc_auc,-0.09593122233571671,-0.2106784133469527,0.009539921688798032,2000,2026
densenet121,C-A,average_precision,-0.14389743641506608,-0.2974355707189466,0.012855404639974541,2000,2026
densenet121,C-A,sensitivity,-0.16666666666666663,-0.33333333333333337,0.0,2000,2026
densenet121,C-A,specificity,0.0037453183520598232,-0.035580524344569264,0.04494382022471921,2000,2026
densenet121,B-C,roc_auc,0.0011065713312904402,-0.06394067075246859,0.06751574736125282,2000,2026
densenet121,B-C,average_precision,-0.0394109091752084,-0.16447429572002678,0.07322716862531664,2000,2026
densenet121,B-C,sensitivity,-0.12121212121212127,-0.2727272727272727,0.030303030303030276,2000,2026
densenet121,B-C,specificity,0.01872659176029967,-0.014981273408239626,0.05243445692883897,2000,2026
convnext_tiny,B-A,roc_auc,-0.060946544092611465,-0.16118275451140635,0.024963823629553832,2000,2026
convnext_tiny,B-A,average_precision,-0.09485349716187608,-0.24256682409551428,0.07042934069777622,2000,2026
convnext_tiny,B-A,sensitivity,0.04545454545454547,-0.12121212121212116,0.22727272727272718,2000,2026
convnext_tiny,B-A,specificity,-0.05243445692883886,-0.08239700374531844,-0.022471910112359605,2000,2026
convnext_tiny,C-A,roc_auc,-0.04724208375893757,-0.13238423561457263,0.02580864828055816,2000,2026
convnext_tiny,C-A,average_precision,-0.032746124769492346,-0.14394161980222422,0.09406671008061783,2000,2026
convnext_tiny,C-A,sensitivity,0.18181818181818182,0.030303030303030276,0.33371212121211935,2000,2026
convnext_tiny,C-A,specificity,-0.07677902621722854,-0.11423220973782766,-0.04119850187265928,2000,2026
convnext_tiny,B-C,roc_auc,-0.013704460333673896,-0.06709014300306418,0.04180286006128702,2000,2026
convnext_tiny,B-C,average_precision,-0.06210737239238373,-0.15312420375477587,0.026939972393314335,2000,2026
convnext_tiny,B-C,sensitivity,-0.13636363636363635,-0.21212121212121215,-0.06060606060606055,2000,2026
convnext_tiny,B-C,specificity,0.024344569288389684,-0.011235955056179695,0.05805243445692898,2000,2026
