image_id,split,condition,coverage,fallback
1,train,B,1.0,False
2,train,B,1.0,False
4,train,B,1.0,False
7,train,B,1.0,False
9,train,B,1.0,False
10,train,B,1.0,False
14,train,B,1.0,False
18,train,B,1.0,False
20,train,B,1.0,False
23,train,B,1.0,False
24,train,B,1.0,False
25,train,B,1.0,False
28,train,B,0.7994451580675087,False
30,train,B,0.5758341361750654,False
31,train,B,1.0,False
32,train,B,1.0,False
33,train,B,1.0,False
34,train,B,1.0,False
35,train,B,1.0,False
37,train,B,1.0,False
38,train,B,1.0,False
40,train,B,1.0,False
41,train,B,1.0,False
43,train,B,1.0,False
45,train,B,1.0,False
46,train,B,1.0,False
49,train,B,1.0,False
50,train,B,1.0,False
52,train,B,1.0,False
53,train,B,1.0,False
54,train,B,1.0,False
55,train,B,1.0,False
56,train,B,1.0,False
57,train,B,1.0,False
58,train,B,1.0,False
59,train,B,1.0,False
61,train,B,1.0,False
62,train,B,1.0,False
65,train,B,1.0,False
66,train,B,1.0,False
68,train,B,1.0,False
69,train,B,1.0,False
72,train,B,1.0,False
74,train,B,1.0,False
75,train,B,1.0,False
77,train,B,1.0,False
78,train,B,1.0,False
79,train,B,1.0,False
80,train,B,1.0,False
81,train,B,1.0,False
82,train,B,1.0,False
86,train,B,1.0,False
87,train,B,1.0,False
92,train,B,1.0,False
95,train,B,1.0,False
97,train,B,1.0,False
100,train,B,1.0,False
103,train,B,1.0,False
104,train,B,1.0,False
105,train,B,1.0,False
106,train,B,0.9792655250670518,False
108,train,B,1.0,False
109,train,B,1.0,False
110,train,B,1.0,False
113,train,B,1.0,False
115,train,B,0.928820048729551,False
116,train,B,1.0,False
118,train,B,1.0,False
119,train,B,1.0,False
121,train,B,1.0,False
122,train,B,1.0,False
127,train,B,1.0,False
128,train,B,1.0,False
130,train,B,1.0,False
131,train,B,1.0,False
132,train,B,1.0,False
133,train,B,1.0,False
138,train,B,1.0,False
139,train,B,1.0,False
140,train,B,1.0,False
141,train,B,1.0,False
142,train,B,1.0,False
146,train,B,1.0,False
147,train,B,1.0,False
150,train,B,1.0,False
153,train,B,1.0,False
156,train,B,1.0,False
157,train,B,0.8975160527205137,False
160,train,B,1.0,False
161,train,B,1.0,False
165,train,B,1.0,False
166,train,B,1.0,False
167,train,B,1.0,False
171,train,B,1.0,False
172,train,B,1.0,False
173,train,B,1.0,False
174,train,B,1.0,False
175,train,B,1.0,False
176,train,B,1.0,False
178,train,B,1.0,False
182,train,B,1.0,False
183,train,B,1.0,False
184,train,B,1.0,False
185,train,B,1.0,False
187,train,B,1.0,False
188,train,B,1.0,False
189,train,B,1.0,False
192,train,B,1.0,False
195,train,B,1.0,False
197,train,B,1.0,False
198,train,B,1.0,False
199,train,B,1.0,False
200,train,B,1.0,False
202,train,B,1.0,False
204,train,B,1.0,False
205,train,B,1.0,False
207,train,B,1.0,False
208,train,B,1.0,False
209,train,B,1.0,False
211,train,B,1.0,False
212,train,B,1.0,False
213,train,B,1.0,False
214,train,B,1.0,False
218,train,B,1.0,False
221,train,B,1.0,False
222,train,B,1.0,False
224,train,B,1.0,False
226,train,B,1.0,False
230,train,B,1.0,False
233,train,B,1.0,False
235,train,B,1.0,False
236,train,B,1.0,False
238,train,B,1.0,False
241,train,B,1.0,False
243,train,B,1.0,False
244,train,B,1.0,False
246,train,B,1.0,False
247,train,B,1.0,False
250,train,B,1.0,False
251,train,B,1.0,False
252,train,B,1.0,False
256,train,B,0.993425107869324,False
257,train,B,0.96938565851654,False
259,train,B,1.0,False
260,train,B,1.0,False
262,train,B,1.0,False
263,train,B,1.0,False
265,train,B,1.0,False
270,train,B,1.0,False
272,train,B,1.0,False
273,train,B,1.0,False
274,train,B,1.0,False
275,train,B,1.0,False
276,train,B,1.0,False
277,train,B,1.0,False
278,train,B,1.0,False
279,train,B,1.0,False
282,train,B,1.0,False
283,train,B,1.0,False
284,train,B,1.0,False
285,train,B,1.0,False
286,train,B,1.0,False
287,train,B,1.0,False
289,train,B,1.0,False
290,train,B,1.0,False
291,train,B,1.0,False
293,train,B,1.0,False
294,train,B,1.0,False
297,train,B,1.0,False
298,train,B,1.0,False
300,train,B,1.0,False
304,train,B,1.0,False
305,train,B,1.0,False
307,train,B,1.0,False
308,train,B,1.0,False
310,train,B,1.0,False
311,train,B,1.0,False
312,train,B,1.0,False
314,train,B,1.0,False
317,train,B,1.0,False
318,train,B,1.0,False
319,train,B,1.0,False
320,train,B,1.0,False
321,train,B,1.0,False
327,train,B,1.0,False
328,train,B,1.0,False
335,train,B,1.0,False
337,train,B,1.0,False
338,train,B,1.0,False
340,train,B,1.0,False
341,train,B,1.0,False
342,train,B,1.0,False
343,train,B,1.0,False
346,train,B,1.0,False
348,train,B,1.0,False
351,train,B,1.0,False
357,train,B,1.0,False
362,train,B,1.0,False
364,train,B,1.0,False
366,train,B,1.0,False
367,train,B,0.9957957957957958,False
368,train,B,1.0,False
369,train,B,1.0,False
372,train,B,1.0,False
373,train,B,1.0,False
374,train,B,1.0,False
376,train,B,1.0,False
378,train,B,1.0,False
381,train,B,1.0,False
389,train,B,1.0,False
395,train,B,1.0,False
396,train,B,1.0,False
397,train,B,1.0,False
398,train,B,1.0,False
405,train,B,1.0,False
406,train,B,1.0,False
407,train,B,1.0,False
409,train,B,1.0,False
410,train,B,1.0,False
411,train,B,1.0,False
414,train,B,1.0,False
417,train,B,1.0,False
419,train,B,1.0,False
420,train,B,1.0,False
421,train,B,1.0,False
422,train,B,1.0,False
423,train,B,1.0,False
424,train,B,1.0,False
425,train,B,1.0,False
426,train,B,1.0,False
427,train,B,1.0,False
428,train,B,1.0,False
432,train,B,1.0,False
433,train,B,1.0,False
435,train,B,1.0,False
438,train,B,1.0,False
439,train,B,1.0,False
444,train,B,1.0,False
446,train,B,1.0,False
447,train,B,1.0,False
449,train,B,1.0,False
450,train,B,1.0,False
454,train,B,1.0,False
456,train,B,1.0,False
458,train,B,1.0,False
459,train,B,1.0,False
460,train,B,1.0,False
461,train,B,1.0,False
462,train,B,1.0,False
463,train,B,1.0,False
465,train,B,1.0,False
466,train,B,1.0,False
467,train,B,1.0,False
469,train,B,1.0,False
470,train,B,1.0,False
478,train,B,1.0,False
479,train,B,1.0,False
481,train,B,1.0,False
483,train,B,1.0,False
484,train,B,1.0,False
485,train,B,1.0,False
486,train,B,1.0,False
490,train,B,1.0,False
491,train,B,1.0,False
492,train,B,1.0,False
497,train,B,1.0,False
498,train,B,1.0,False
499,train,B,1.0,False
500,train,B,1.0,False
502,train,B,1.0,False
503,train,B,1.0,False
505,train,B,1.0,False
507,train,B,1.0,False
509,train,B,1.0,False
513,train,B,1.0,False
516,train,B,1.0,False
518,train,B,1.0,False
519,train,B,1.0,False
522,train,B,1.0,False
525,train,B,1.0,False
526,train,B,1.0,False
527,train,B,1.0,False
528,train,B,1.0,False
529,train,B,1.0,False
530,train,B,1.0,False
531,train,B,1.0,False
537,train,B,1.0,False
538,train,B,1.0,False
540,train,B,1.0,False
541,train,B,1.0,False
542,train,B,1.0,False
543,train,B,1.0,False
544,train,B,1.0,False
545,train,B,1.0,False
547,train,B,1.0,False
549,train,B,1.0,False
550,train,B,1.0,False
552,train,B,1.0,False
555,train,B,0.9994414187962575,False
556,train,B,1.0,False
557,train,B,1.0,False
559,train,B,1.0,False
561,train,B,1.0,False
562,train,B,1.0,False
564,train,B,1.0,False
565,train,B,1.0,False
566,train,B,1.0,False
567,train,B,1.0,False
569,train,B,1.0,False
570,train,B,1.0,False
571,train,B,1.0,False
572,train,B,1.0,False
575,train,B,1.0,False
576,train,B,1.0,False
577,train,B,1.0,False
578,train,B,1.0,False
579,train,B,1.0,False
583,train,B,1.0,False
587,train,B,1.0,False
588,train,B,1.0,False
589,train,B,1.0,False
590,train,B,1.0,False
591,train,B,1.0,False
593,train,B,1.0,False
596,train,B,1.0,False
597,train,B,1.0,False
598,train,B,1.0,False
601,train,B,1.0,False
603,train,B,1.0,False
604,train,B,1.0,False
607,train,B,1.0,False
611,train,B,1.0,False
612,train,B,1.0,False
613,train,B,1.0,False
615,train,B,1.0,False
617,train,B,1.0,False
618,train,B,1.0,False
622,train,B,1.0,False
624,train,B,1.0,False
625,train,B,1.0,False
628,train,B,1.0,False
630,train,B,1.0,False
634,train,B,1.0,False
637,train,B,1.0,False
641,train,B,1.0,False
642,train,B,1.0,False
643,train,B,1.0,False
645,train,B,1.0,False
646,train,B,1.0,False
647,train,B,1.0,False
648,train,B,1.0,False
654,train,B,1.0,False
655,train,B,1.0,False
657,train,B,1.0,False
658,train,B,1.0,False
659,train,B,1.0,False
660,train,B,1.0,False
663,train,B,1.0,False
664,train,B,1.0,False
665,train,B,1.0,False
666,train,B,1.0,False
668,train,B,1.0,False
670,train,B,1.0,False
674,train,B,1.0,False
675,train,B,1.0,False
676,train,B,1.0,False
677,train,B,1.0,False
678,train,B,1.0,False
681,train,B,1.0,False
684,train,B,1.0,False
686,train,B,0.7813525935653316,False
688,train,B,1.0,False
692,train,B,1.0,False
695,train,B,1.0,False
696,train,B,1.0,False
698,train,B,1.0,False
705,train,B,0.998218602875684,False
706,train,B,1.0,False
708,train,B,1.0,False
709,train,B,1.0,False
710,train,B,1.0,False
713,train,B,1.0,False
715,train,B,1.0,False
717,train,B,1.0,False
719,train,B,1.0,False
720,train,B,1.0,False
721,train,B,1.0,False
722,train,B,1.0,False
723,train,B,1.0,False
724,train,B,1.0,False
725,train,B,1.0,False
726,train,B,1.0,False
727,train,B,1.0,False
728,train,B,1.0,False
729,train,B,1.0,False
730,train,B,1.0,False
731,train,B,0.8078131333603568,False
733,train,B,1.0,False
734,train,B,1.0,False
736,train,B,0.997855611150822,False
737,train,B,1.0,False
738,train,B,1.0,False
739,train,B,1.0,False
742,train,B,1.0,False
744,train,B,1.0,False
745,train,B,1.0,False
746,train,B,1.0,False
749,train,B,1.0,False
750,train,B,1.0,False
753,train,B,1.0,False
757,train,B,1.0,False
758,train,B,1.0,False
759,train,B,1.0,False
760,train,B,1.0,False
761,train,B,1.0,False
764,train,B,1.0,False
765,train,B,1.0,False
766,train,B,1.0,False
767,train,B,1.0,False
769,train,B,1.0,False
772,train,B,1.0,False
774,train,B,1.0,False
777,train,B,1.0,False
780,train,B,1.0,False
781,train,B,1.0,False
782,train,B,1.0,False
783,train,B,1.0,False
785,train,B,1.0,False
786,train,B,1.0,False
787,train,B,1.0,False
788,train,B,1.0,False
789,train,B,1.0,False
790,train,B,1.0,False
794,train,B,1.0,False
795,train,B,1.0,False
796,train,B,1.0,False
798,train,B,1.0,False
799,train,B,1.0,False
801,train,B,1.0,False
803,train,B,1.0,False
805,train,B,1.0,False
808,train,B,1.0,False
809,train,B,1.0,False
811,train,B,1.0,False
812,train,B,1.0,False
813,train,B,1.0,False
818,train,B,1.0,False
819,train,B,1.0,False
822,train,B,1.0,False
823,train,B,1.0,False
824,train,B,1.0,False
827,train,B,1.0,False
828,train,B,1.0,False
829,train,B,1.0,False
830,train,B,1.0,False
831,train,B,1.0,False
833,train,B,1.0,False
834,train,B,1.0,False
835,train,B,1.0,False
836,train,B,1.0,False
838,train,B,1.0,False
839,train,B,1.0,False
840,train,B,1.0,False
841,train,B,1.0,False
845,train,B,1.0,False
846,train,B,1.0,False
850,train,B,1.0,False
851,train,B,1.0,False
852,train,B,1.0,False
853,train,B,1.0,False
855,train,B,1.0,False
858,train,B,1.0,False
859,train,B,1.0,False
860,train,B,0.9991675475687104,False
861,train,B,1.0,False
865,train,B,1.0,False
866,train,B,1.0,False
867,train,B,1.0,False
871,train,B,1.0,False
874,train,B,1.0,False
875,train,B,1.0,False
879,train,B,1.0,False
880,train,B,1.0,False
886,train,B,1.0,False
887,train,B,0.9930752544635408,False
888,train,B,0.7764941235308828,False
889,train,B,1.0,False
891,train,B,1.0,False
892,train,B,1.0,False
893,train,B,1.0,False
899,train,B,1.0,False
900,train,B,1.0,False
901,train,B,1.0,False
902,train,B,1.0,False
903,train,B,1.0,False
905,train,B,1.0,False
907,train,B,1.0,False
909,train,B,1.0,False
913,train,B,1.0,False
914,train,B,1.0,False
915,train,B,1.0,False
918,train,B,1.0,False
922,train,B,1.0,False
924,train,B,1.0,False
928,train,B,1.0,False
929,train,B,1.0,False
932,train,B,1.0,False
933,train,B,1.0,False
938,train,B,1.0,False
939,train,B,1.0,False
940,train,B,1.0,False
941,train,B,1.0,False
942,train,B,1.0,False
943,train,B,1.0,False
950,train,B,1.0,False
951,train,B,1.0,False
955,train,B,1.0,False
956,train,B,1.0,False
958,train,B,1.0,False
959,train,B,1.0,False
961,train,B,1.0,False
963,train,B,1.0,False
964,train,B,1.0,False
967,train,B,1.0,False
968,train,B,1.0,False
969,train,B,1.0,False
972,train,B,1.0,False
974,train,B,1.0,False
975,train,B,1.0,False
976,train,B,1.0,False
977,train,B,1.0,False
980,train,B,1.0,False
983,train,B,1.0,False
984,train,B,1.0,False
986,train,B,1.0,False
987,train,B,1.0,False
988,train,B,0.999379498634897,False
989,train,B,0.9616768796809649,False
990,train,B,1.0,False
992,train,B,1.0,False
994,train,B,1.0,False
995,train,B,1.0,False
996,train,B,1.0,False
997,train,B,1.0,False
999,train,B,1.0,False
1000,train,B,1.0,False
1003,train,B,1.0,False
1004,train,B,0.9952587909917029,False
1006,train,B,1.0,False
1008,train,B,1.0,False
1009,train,B,0.9638247011952191,False
1015,train,B,0.8442906574394463,False
1019,train,B,1.0,False
1020,train,B,1.0,False
1021,train,B,1.0,False
1027,train,B,1.0,False
1028,train,B,1.0,False
1029,train,B,1.0,False
1031,train,B,1.0,False
1034,train,B,1.0,False
1036,train,B,1.0,False
1037,train,B,1.0,False
1040,train,B,0.9810281517747858,False
1041,train,B,1.0,False
1043,train,B,1.0,False
1044,train,B,1.0,False
1045,train,B,1.0,False
1047,train,B,1.0,False
1048,train,B,1.0,False
1051,train,B,1.0,False
1052,train,B,1.0,False
1053,train,B,1.0,False
1057,train,B,1.0,False
1058,train,B,1.0,False
1060,train,B,1.0,False
1063,train,B,1.0,False
1064,train,B,1.0,False
1067,train,B,1.0,False
1068,train,B,1.0,False
1069,train,B,1.0,False
1070,train,B,1.0,False
1072,train,B,1.0,False
1074,train,B,0.9740744809403493,False
1080,train,B,1.0,False
1084,train,B,1.0,False
1087,train,B,1.0,False
1093,train,B,1.0,False
1094,train,B,1.0,False
1097,train,B,1.0,False
1098,train,B,1.0,False
1099,train,B,1.0,False
1100,train,B,1.0,False
1101,train,B,1.0,False
1102,train,B,1.0,False
1105,train,B,1.0,False
1106,train,B,1.0,False
1107,train,B,0.9185712501561134,False
1110,train,B,1.0,False
1112,train,B,1.0,False
1113,train,B,0.997404345318208,False
1115,train,B,0.729405346426623,False
1116,train,B,1.0,False
1118,train,B,1.0,False
1120,train,B,1.0,False
1121,train,B,1.0,False
1125,train,B,1.0,False
1126,train,B,1.0,False
1127,train,B,0.9980342048358561,False
1128,train,B,1.0,False
1131,train,B,1.0,False
1136,train,B,1.0,False
1138,train,B,1.0,False
1139,train,B,1.0,False
1141,train,B,1.0,False
1142,train,B,1.0,False
1145,train,B,1.0,False
1146,train,B,1.0,False
1147,train,B,1.0,False
1148,train,B,1.0,False
1149,train,B,1.0,False
1150,train,B,1.0,False
1151,train,B,1.0,False
1152,train,B,1.0,False
1153,train,B,1.0,False
1154,train,B,1.0,False
1155,train,B,1.0,False
1156,train,B,1.0,False
1158,train,B,1.0,False
1159,train,B,1.0,False
1161,train,B,1.0,False
1163,train,B,1.0,False
1164,train,B,1.0,False
1165,train,B,1.0,False
1166,train,B,1.0,False
1168,train,B,1.0,False
1174,train,B,1.0,False
1180,train,B,1.0,False
1182,train,B,1.0,False
1183,train,B,1.0,False
1185,train,B,1.0,False
1186,train,B,1.0,False
1187,train,B,1.0,False
1191,train,B,1.0,False
1192,train,B,1.0,False
1193,train,B,1.0,False
1194,train,B,1.0,False
1195,train,B,1.0,False
1196,train,B,1.0,False
1197,train,B,1.0,False
1201,train,B,1.0,False
1202,train,B,1.0,False
1203,train,B,1.0,False
1204,train,B,1.0,False
1205,train,B,1.0,False
1206,train,B,1.0,False
1207,train,B,0.8071767119411432,False
1209,train,B,1.0,False
1210,train,B,1.0,False
1212,train,B,1.0,False
1213,train,B,1.0,False
1216,train,B,0.9676197458455523,False
1219,train,B,1.0,False
1220,train,B,1.0,False
1223,train,B,1.0,False
1225,train,B,1.0,False
1226,train,B,1.0,False
1227,train,B,1.0,False
1228,train,B,1.0,False
1231,train,B,1.0,False
1233,train,B,1.0,False
1236,train,B,1.0,False
1237,train,B,1.0,False
1239,train,B,1.0,False
1240,train,B,1.0,False
1243,train,B,1.0,False
1246,train,B,1.0,False
1247,train,B,1.0,False
1248,train,B,1.0,False
1249,train,B,1.0,False
1250,train,B,1.0,False
1251,train,B,1.0,False
1253,train,B,1.0,False
1259,train,B,1.0,False
1260,train,B,1.0,False
1261,train,B,1.0,False
1263,train,B,1.0,False
1264,train,B,1.0,False
1266,train,B,1.0,False
1268,train,B,1.0,False
1272,train,B,1.0,False
1274,train,B,1.0,False
1275,train,B,1.0,False
1276,train,B,0.9972118327099626,False
1279,train,B,1.0,False
1280,train,B,1.0,False
1281,train,B,1.0,False
1282,train,B,1.0,False
1283,train,B,1.0,False
1286,train,B,0.8508886606281321,False
1287,train,B,1.0,False
1289,train,B,1.0,False
1290,train,B,1.0,False
1292,train,B,1.0,False
1293,train,B,1.0,False
1294,train,B,1.0,False
1297,train,B,1.0,False
1298,train,B,1.0,False
1299,train,B,1.0,False
1300,train,B,1.0,False
1301,train,B,1.0,False
1303,train,B,1.0,False
1304,train,B,1.0,False
1309,train,B,1.0,False
1310,train,B,1.0,False
1312,train,B,1.0,False
1313,train,B,1.0,False
1314,train,B,1.0,False
1316,train,B,1.0,False
1318,train,B,1.0,False
1320,train,B,1.0,False
1321,train,B,1.0,False
1324,train,B,0.9958005249343832,False
1326,train,B,1.0,False
1328,train,B,1.0,False
1330,train,B,1.0,False
1332,train,B,1.0,False
1338,train,B,1.0,False
1342,train,B,1.0,False
1343,train,B,1.0,False
1344,train,B,1.0,False
1345,train,B,1.0,False
1346,train,B,1.0,False
1348,train,B,1.0,False
1349,train,B,1.0,False
1350,train,B,1.0,False
1351,train,B,1.0,False
1356,train,B,1.0,False
1361,train,B,1.0,False
1362,train,B,1.0,False
1363,train,B,1.0,False
1368,train,B,1.0,False
1370,train,B,1.0,False
1371,train,B,1.0,False
1372,train,B,1.0,False
1375,train,B,1.0,False
1377,train,B,1.0,False
1379,train,B,1.0,False
1380,train,B,1.0,False
1383,train,B,1.0,False
1385,train,B,1.0,False
1386,train,B,1.0,False
1387,train,B,1.0,False
1392,train,B,1.0,False
1394,train,B,1.0,False
1395,train,B,1.0,False
1396,train,B,1.0,False
1397,train,B,1.0,False
1398,train,B,1.0,False
1399,train,B,1.0,False
1400,train,B,1.0,False
1402,train,B,1.0,False
1403,train,B,0.9807834441980784,False
1405,train,B,1.0,False
1406,train,B,1.0,False
1408,train,B,1.0,False
1409,train,B,1.0,False
1412,train,B,1.0,False
1414,train,B,1.0,False
1415,train,B,1.0,False
1417,train,B,1.0,False
1418,train,B,1.0,False
1419,train,B,1.0,False
1420,train,B,1.0,False
1421,train,B,1.0,False
1422,train,B,1.0,False
1423,train,B,1.0,False
1424,train,B,1.0,False
1425,train,B,1.0,False
1426,train,B,1.0,False
1431,train,B,1.0,False
1433,train,B,1.0,False
1434,train,B,1.0,False
1437,train,B,1.0,False
1438,train,B,1.0,False
1441,train,B,1.0,False
1442,train,B,1.0,False
1446,train,B,1.0,False
1447,train,B,1.0,False
1448,train,B,1.0,False
1449,train,B,1.0,False
1450,train,B,1.0,False
1451,train,B,1.0,False
1453,train,B,1.0,False
1455,train,B,1.0,False
1456,train,B,1.0,False
1457,train,B,1.0,False
1459,train,B,1.0,False
1462,train,B,1.0,False
1463,train,B,1.0,False
1465,train,B,1.0,False
6,validation,B,1.0,False
11,validation,B,1.0,False
13,validation,B,1.0,False
17,validation,B,1.0,False
19,validation,B,1.0,False
22,validation,B,0.9911454969946848,False
29,validation,B,0.9999151121580612,False
42,validation,B,0.9986475334678159,False
44,validation,B,1.0,False
51,validation,B,0.9598144840698277,False
60,validation,B,1.0,False
67,validation,B,1.0,False
85,validation,B,1.0,False
91,validation,B,1.0,False
93,validation,B,1.0,False
99,validation,B,1.0,False
101,validation,B,0.9957975398265779,False
107,validation,B,0.0,False
111,validation,B,0.9535634195700924,False
117,validation,B,1.0,False
120,validation,B,1.0,False
123,validation,B,1.0,False
135,validation,B,0.47106162495865944,False
143,validation,B,0.9317433276547417,False
151,validation,B,1.0,False
169,validation,B,1.0,False
190,validation,B,1.0,False
194,validation,B,1.0,False
196,validation,B,1.0,False
215,validation,B,0.9806027950833474,False
216,validation,B,0.43926722421346076,False
219,validation,B,1.0,False
223,validation,B,1.0,False
231,validation,B,0.320941091954023,False
232,validation,B,1.0,False
239,validation,B,1.0,False
242,validation,B,0.9296178136597435,False
280,validation,B,1.0,False
302,validation,B,1.0,False
303,validation,B,1.0,False
309,validation,B,0.999814166249732,False
324,validation,B,1.0,False
329,validation,B,1.0,False
330,validation,B,1.0,False
332,validation,B,1.0,False
334,validation,B,0.8218144619909213,False
347,validation,B,0.0,False
349,validation,B,1.0,False
353,validation,B,1.0,False
355,validation,B,0.02693933733162914,False
360,validation,B,0.754628618042506,False
365,validation,B,0.9923493957658176,False
375,validation,B,1.0,False
379,validation,B,0.9475177532340542,False
380,validation,B,1.0,False
384,validation,B,1.0,False
390,validation,B,1.0,False
393,validation,B,0.9974889578531233,False
400,validation,B,0.9498535871156661,False
401,validation,B,0.8711111111111111,False
402,validation,B,1.0,False
404,validation,B,0.4855732788907885,False
408,validation,B,1.0,False
413,validation,B,1.0,False
415,validation,B,0.9782910560638747,False
416,validation,B,1.0,False
418,validation,B,1.0,False
434,validation,B,0.9965672126949104,False
437,validation,B,0.9979540002822068,False
451,validation,B,1.0,False
455,validation,B,1.0,False
471,validation,B,1.0,False
480,validation,B,1.0,False
482,validation,B,0.7108085579327591,False
489,validation,B,0.5563562013657297,False
510,validation,B,1.0,False
523,validation,B,0.8613901057805321,False
533,validation,B,0.9472730931777017,False
563,validation,B,1.0,False
568,validation,B,1.0,False
574,validation,B,0.8268521769662921,False
584,validation,B,1.0,False
586,validation,B,1.0,False
599,validation,B,0.0,False
605,validation,B,0.7083939400720568,False
608,validation,B,1.0,False
616,validation,B,1.0,False
619,validation,B,1.0,False
629,validation,B,1.0,False
633,validation,B,0.9586409944854659,False
635,validation,B,1.0,False
650,validation,B,1.0,False
651,validation,B,0.0,False
662,validation,B,1.0,False
667,validation,B,1.0,False
669,validation,B,1.0,False
671,validation,B,0.8783135232114824,False
673,validation,B,0.6541666666666667,False
680,validation,B,1.0,False
683,validation,B,1.0,False
697,validation,B,1.0,False
702,validation,B,1.0,False
704,validation,B,0.0,False
711,validation,B,0.4219439119184554,False
712,validation,B,0.8096484744662186,False
716,validation,B,1.0,False
754,validation,B,0.760711958713841,False
755,validation,B,0.16562367183034601,False
756,validation,B,0.7825000785595324,False
763,validation,B,0.9500095644965887,False
768,validation,B,0.989219930396401,False
771,validation,B,1.0,False
775,validation,B,1.0,True
797,validation,B,1.0,False
807,validation,B,1.0,False
814,validation,B,1.0,False
815,validation,B,1.0,False
820,validation,B,1.0,False
832,validation,B,1.0,False
843,validation,B,1.0,False
848,validation,B,1.0,False
849,validation,B,1.0,False
857,validation,B,0.9077282221403121,False
869,validation,B,1.0,True
873,validation,B,1.0,False
876,validation,B,0.978614213762532,False
881,validation,B,1.0,False
885,validation,B,1.0,False
895,validation,B,1.0,False
898,validation,B,0.6697388632872504,False
908,validation,B,0.9993494023946189,False
910,validation,B,1.0,False
920,validation,B,1.0,False
926,validation,B,0.5299000644745325,False
927,validation,B,0.6415094339622641,False
931,validation,B,0.9661955506905766,False
935,validation,B,0.0,False
946,validation,B,1.0,False
949,validation,B,0.9481251462237064,False
954,validation,B,1.0,False
978,validation,B,1.0,False
982,validation,B,0.4459298260046892,False
1001,validation,B,0.9078344545686792,False
1005,validation,B,1.0,False
1007,validation,B,1.0,False
1010,validation,B,0.9920841551610783,False
1011,validation,B,1.0,False
1016,validation,B,0.0,False
1022,validation,B,0.9939875628442836,False
1026,validation,B,1.0,False
1035,validation,B,0.5488098527612205,False
1050,validation,B,1.0,False
1056,validation,B,0.8166311300639659,False
1059,validation,B,1.0,False
1075,validation,B,1.0,False
1077,validation,B,0.8625361433213105,False
1090,validation,B,1.0,False
1103,validation,B,0.19852980344111223,False
1109,validation,B,0.7704298566706316,False
1114,validation,B,0.9105788423153692,False
1117,validation,B,1.0,False
1119,validation,B,1.0,False
1129,validation,B,1.0,False
1135,validation,B,1.0,False
1137,validation,B,0.6039800995024875,False
1144,validation,B,1.0,False
1160,validation,B,0.02664450035945363,False
1172,validation,B,0.9973997988794714,False
1177,validation,B,0.9968610150798533,False
1178,validation,B,1.0,False
1189,validation,B,1.0,False
1198,validation,B,0.0,False
1211,validation,B,0.9314047775586237,False
1215,validation,B,1.0,False
1222,validation,B,1.0,False
1242,validation,B,0.9958182594612887,False
1245,validation,B,1.0,False
1256,validation,B,1.0,False
1258,validation,B,0.9348314606741573,False
1262,validation,B,1.0,False
1265,validation,B,1.0,False
1278,validation,B,1.0,False
1284,validation,B,1.0,False
1296,validation,B,1.0,False
1322,validation,B,1.0,False
1327,validation,B,1.0,False
1333,validation,B,1.0,False
1334,validation,B,0.9800002223432758,False
1353,validation,B,0.9689863187669572,False
1355,validation,B,0.4749119228629705,False
1389,validation,B,1.0,False
1391,validation,B,1.0,False
1407,validation,B,0.09852679970744958,False
1428,validation,B,0.0,False
1429,validation,B,0.8938208666608068,False
1436,validation,B,0.18681630913482028,False
1439,validation,B,1.0,False
1443,validation,B,0.9352711011738402,False
1445,validation,B,0.9810084206731389,False
1452,validation,B,1.0,False
1,train,C,1.0,False
2,train,C,1.0,False
4,train,C,1.0,False
7,train,C,1.0,False
9,train,C,1.0,False
10,train,C,1.0,False
14,train,C,1.0,False
18,train,C,1.0,False
20,train,C,1.0,False
23,train,C,1.0,False
24,train,C,1.0,False
25,train,C,1.0,False
28,train,C,1.0,False
30,train,C,1.0,False
31,train,C,1.0,False
32,train,C,1.0,False
33,train,C,1.0,False
34,train,C,1.0,False
35,train,C,1.0,False
37,train,C,1.0,False
38,train,C,1.0,False
40,train,C,1.0,False
41,train,C,1.0,False
43,train,C,1.0,False
45,train,C,1.0,False
46,train,C,1.0,False
49,train,C,1.0,False
50,train,C,1.0,False
52,train,C,1.0,False
53,train,C,1.0,False
54,train,C,1.0,False
55,train,C,1.0,False
56,train,C,1.0,False
57,train,C,1.0,False
58,train,C,1.0,False
59,train,C,1.0,False
61,train,C,1.0,False
62,train,C,1.0,False
65,train,C,1.0,False
66,train,C,1.0,False
68,train,C,1.0,False
69,train,C,1.0,False
72,train,C,1.0,False
74,train,C,1.0,False
75,train,C,1.0,False
77,train,C,1.0,False
78,train,C,1.0,False
79,train,C,1.0,False
80,train,C,1.0,False
81,train,C,1.0,False
82,train,C,1.0,False
86,train,C,1.0,False
87,train,C,1.0,False
92,train,C,1.0,False
95,train,C,1.0,False
97,train,C,1.0,False
100,train,C,1.0,False
103,train,C,1.0,False
104,train,C,1.0,False
105,train,C,1.0,False
106,train,C,1.0,False
108,train,C,1.0,False
109,train,C,1.0,False
110,train,C,1.0,False
113,train,C,1.0,False
115,train,C,1.0,False
116,train,C,1.0,False
118,train,C,1.0,False
119,train,C,1.0,False
121,train,C,1.0,False
122,train,C,1.0,False
127,train,C,1.0,False
128,train,C,1.0,False
130,train,C,1.0,False
131,train,C,1.0,False
132,train,C,1.0,False
133,train,C,1.0,False
138,train,C,1.0,False
139,train,C,1.0,False
140,train,C,1.0,False
141,train,C,1.0,False
142,train,C,1.0,False
146,train,C,1.0,False
147,train,C,1.0,False
150,train,C,1.0,False
153,train,C,1.0,False
156,train,C,1.0,False
157,train,C,1.0,False
160,train,C,1.0,False
161,train,C,1.0,False
165,train,C,1.0,False
166,train,C,1.0,False
167,train,C,1.0,False
171,train,C,1.0,False
172,train,C,1.0,False
173,train,C,1.0,False
174,train,C,1.0,False
175,train,C,1.0,False
176,train,C,1.0,False
178,train,C,1.0,False
182,train,C,1.0,False
183,train,C,1.0,False
184,train,C,1.0,False
185,train,C,1.0,False
187,train,C,1.0,False
188,train,C,1.0,False
189,train,C,1.0,False
192,train,C,1.0,False
195,train,C,1.0,False
197,train,C,1.0,False
198,train,C,1.0,False
199,train,C,1.0,False
200,train,C,1.0,False
202,train,C,1.0,False
204,train,C,1.0,False
205,train,C,1.0,False
207,train,C,1.0,False
208,train,C,1.0,False
209,train,C,1.0,False
211,train,C,1.0,False
212,train,C,1.0,False
213,train,C,1.0,False
214,train,C,1.0,False
218,train,C,1.0,False
221,train,C,1.0,False
222,train,C,1.0,False
224,train,C,1.0,False
226,train,C,1.0,False
230,train,C,1.0,False
233,train,C,1.0,False
235,train,C,1.0,False
236,train,C,1.0,False
238,train,C,1.0,False
241,train,C,1.0,False
243,train,C,1.0,False
244,train,C,1.0,False
246,train,C,1.0,False
247,train,C,1.0,False
250,train,C,1.0,False
251,train,C,1.0,False
252,train,C,1.0,False
256,train,C,1.0,False
257,train,C,1.0,False
259,train,C,1.0,False
260,train,C,1.0,False
262,train,C,1.0,False
263,train,C,1.0,False
265,train,C,1.0,False
270,train,C,1.0,False
272,train,C,1.0,False
273,train,C,1.0,False
274,train,C,1.0,False
275,train,C,1.0,False
276,train,C,1.0,False
277,train,C,1.0,False
278,train,C,1.0,False
279,train,C,1.0,False
282,train,C,1.0,False
283,train,C,1.0,False
284,train,C,1.0,False
285,train,C,1.0,False
286,train,C,1.0,False
287,train,C,1.0,False
289,train,C,1.0,False
290,train,C,1.0,False
291,train,C,1.0,False
293,train,C,1.0,False
294,train,C,1.0,False
297,train,C,1.0,False
298,train,C,1.0,False
300,train,C,1.0,False
304,train,C,1.0,False
305,train,C,1.0,False
307,train,C,1.0,False
308,train,C,1.0,False
310,train,C,1.0,False
311,train,C,1.0,False
312,train,C,1.0,False
314,train,C,1.0,False
317,train,C,1.0,False
318,train,C,1.0,False
319,train,C,1.0,False
320,train,C,1.0,False
321,train,C,1.0,False
327,train,C,1.0,False
328,train,C,1.0,False
335,train,C,1.0,False
337,train,C,1.0,False
338,train,C,1.0,False
340,train,C,1.0,False
341,train,C,1.0,False
342,train,C,1.0,False
343,train,C,1.0,False
346,train,C,1.0,False
348,train,C,1.0,False
351,train,C,1.0,False
357,train,C,1.0,False
362,train,C,1.0,False
364,train,C,1.0,False
366,train,C,1.0,False
367,train,C,1.0,False
368,train,C,1.0,False
369,train,C,1.0,False
372,train,C,1.0,False
373,train,C,1.0,False
374,train,C,1.0,False
376,train,C,1.0,False
378,train,C,1.0,False
381,train,C,1.0,False
389,train,C,1.0,False
395,train,C,1.0,False
396,train,C,1.0,False
397,train,C,1.0,False
398,train,C,1.0,False
405,train,C,1.0,False
406,train,C,1.0,False
407,train,C,1.0,False
409,train,C,1.0,False
410,train,C,1.0,False
411,train,C,1.0,False
414,train,C,1.0,False
417,train,C,1.0,False
419,train,C,1.0,False
420,train,C,1.0,False
421,train,C,1.0,False
422,train,C,1.0,False
423,train,C,1.0,False
424,train,C,1.0,False
425,train,C,1.0,False
426,train,C,1.0,False
427,train,C,1.0,False
428,train,C,1.0,False
432,train,C,1.0,False
433,train,C,1.0,False
435,train,C,1.0,False
438,train,C,1.0,False
439,train,C,1.0,False
444,train,C,1.0,False
446,train,C,1.0,False
447,train,C,1.0,False
449,train,C,1.0,False
450,train,C,1.0,False
454,train,C,1.0,False
456,train,C,1.0,False
458,train,C,1.0,False
459,train,C,1.0,False
460,train,C,1.0,False
461,train,C,1.0,False
462,train,C,1.0,False
463,train,C,1.0,False
465,train,C,1.0,False
466,train,C,1.0,False
467,train,C,1.0,False
469,train,C,1.0,False
470,train,C,1.0,False
478,train,C,1.0,False
479,train,C,1.0,False
481,train,C,1.0,False
483,train,C,1.0,False
484,train,C,1.0,False
485,train,C,1.0,False
486,train,C,1.0,False
490,train,C,1.0,False
491,train,C,1.0,False
492,train,C,1.0,False
497,train,C,1.0,False
498,train,C,1.0,False
499,train,C,1.0,False
500,train,C,1.0,False
502,train,C,1.0,False
503,train,C,1.0,False
505,train,C,1.0,False
507,train,C,1.0,False
509,train,C,1.0,False
513,train,C,1.0,False
516,train,C,1.0,False
518,train,C,1.0,False
519,train,C,1.0,False
522,train,C,1.0,False
525,train,C,1.0,False
526,train,C,1.0,False
527,train,C,1.0,False
528,train,C,1.0,False
529,train,C,1.0,False
530,train,C,1.0,False
531,train,C,1.0,False
537,train,C,1.0,False
538,train,C,1.0,False
540,train,C,1.0,False
541,train,C,1.0,False
542,train,C,1.0,False
543,train,C,1.0,False
544,train,C,1.0,False
545,train,C,1.0,False
547,train,C,1.0,False
549,train,C,1.0,False
550,train,C,1.0,False
552,train,C,1.0,False
555,train,C,1.0,False
556,train,C,1.0,False
557,train,C,1.0,False
559,train,C,1.0,False
561,train,C,1.0,False
562,train,C,1.0,False
564,train,C,1.0,False
565,train,C,1.0,False
566,train,C,1.0,False
567,train,C,1.0,False
569,train,C,1.0,False
570,train,C,1.0,False
571,train,C,1.0,False
572,train,C,1.0,False
575,train,C,1.0,False
576,train,C,1.0,False
577,train,C,1.0,False
578,train,C,1.0,False
579,train,C,1.0,False
583,train,C,1.0,False
587,train,C,1.0,False
588,train,C,1.0,False
589,train,C,1.0,False
590,train,C,1.0,False
591,train,C,1.0,False
593,train,C,1.0,False
596,train,C,1.0,False
597,train,C,1.0,False
598,train,C,1.0,False
601,train,C,1.0,False
603,train,C,1.0,False
604,train,C,1.0,False
607,train,C,1.0,False
611,train,C,1.0,False
612,train,C,1.0,False
613,train,C,1.0,False
615,train,C,1.0,False
617,train,C,1.0,False
618,train,C,1.0,False
622,train,C,1.0,False
624,train,C,1.0,False
625,train,C,1.0,False
628,train,C,1.0,False
630,train,C,1.0,False
634,train,C,1.0,False
637,train,C,1.0,False
641,train,C,1.0,False
642,train,C,1.0,False
643,train,C,1.0,False
645,train,C,1.0,False
646,train,C,1.0,False
647,train,C,1.0,False
648,train,C,1.0,False
654,train,C,1.0,False
655,train,C,1.0,False
657,train,C,1.0,False
658,train,C,1.0,False
659,train,C,1.0,False
660,train,C,1.0,False
663,train,C,1.0,False
664,train,C,1.0,False
665,train,C,1.0,False
666,train,C,1.0,False
668,train,C,1.0,False
670,train,C,1.0,False
674,train,C,1.0,False
675,train,C,1.0,False
676,train,C,1.0,False
677,train,C,1.0,False
678,train,C,1.0,False
681,train,C,1.0,False
684,train,C,1.0,False
686,train,C,1.0,False
688,train,C,1.0,False
692,train,C,1.0,False
695,train,C,1.0,False
696,train,C,1.0,False
698,train,C,1.0,False
705,train,C,1.0,False
706,train,C,1.0,False
708,train,C,1.0,False
709,train,C,1.0,False
710,train,C,1.0,False
713,train,C,1.0,False
715,train,C,1.0,False
717,train,C,1.0,False
719,train,C,1.0,False
720,train,C,1.0,False
721,train,C,1.0,False
722,train,C,1.0,False
723,train,C,1.0,False
724,train,C,1.0,False
725,train,C,1.0,False
726,train,C,1.0,False
727,train,C,1.0,False
728,train,C,1.0,False
729,train,C,1.0,False
730,train,C,1.0,False
731,train,C,1.0,False
733,train,C,1.0,False
734,train,C,1.0,False
736,train,C,1.0,False
737,train,C,1.0,False
738,train,C,1.0,False
739,train,C,1.0,False
742,train,C,1.0,False
744,train,C,1.0,False
745,train,C,1.0,False
746,train,C,1.0,False
749,train,C,1.0,False
750,train,C,1.0,False
753,train,C,1.0,False
757,train,C,1.0,False
758,train,C,1.0,False
759,train,C,1.0,False
760,train,C,1.0,False
761,train,C,1.0,False
764,train,C,1.0,False
765,train,C,1.0,False
766,train,C,1.0,False
767,train,C,1.0,False
769,train,C,1.0,False
772,train,C,1.0,False
774,train,C,1.0,False
777,train,C,1.0,False
780,train,C,1.0,False
781,train,C,1.0,False
782,train,C,1.0,False
783,train,C,1.0,False
785,train,C,1.0,False
786,train,C,1.0,False
787,train,C,1.0,False
788,train,C,1.0,False
789,train,C,1.0,False
790,train,C,1.0,False
794,train,C,1.0,False
795,train,C,1.0,False
796,train,C,1.0,False
798,train,C,1.0,False
799,train,C,1.0,False
801,train,C,1.0,False
803,train,C,1.0,False
805,train,C,1.0,False
808,train,C,1.0,False
809,train,C,1.0,False
811,train,C,1.0,False
812,train,C,1.0,False
813,train,C,1.0,False
818,train,C,1.0,False
819,train,C,1.0,False
822,train,C,1.0,False
823,train,C,1.0,False
824,train,C,1.0,False
827,train,C,1.0,False
828,train,C,1.0,False
829,train,C,1.0,False
830,train,C,1.0,False
831,train,C,1.0,False
833,train,C,1.0,False
834,train,C,1.0,False
835,train,C,1.0,False
836,train,C,1.0,False
838,train,C,1.0,False
839,train,C,1.0,False
840,train,C,1.0,False
841,train,C,1.0,False
845,train,C,1.0,False
846,train,C,1.0,False
850,train,C,1.0,False
851,train,C,1.0,False
852,train,C,1.0,False
853,train,C,1.0,False
855,train,C,1.0,False
858,train,C,1.0,False
859,train,C,1.0,False
860,train,C,1.0,False
861,train,C,1.0,False
865,train,C,1.0,False
866,train,C,1.0,False
867,train,C,1.0,False
871,train,C,1.0,False
874,train,C,1.0,False
875,train,C,1.0,False
879,train,C,1.0,False
880,train,C,1.0,False
886,train,C,1.0,False
887,train,C,1.0,False
888,train,C,1.0,False
889,train,C,1.0,False
891,train,C,1.0,False
892,train,C,1.0,False
893,train,C,1.0,False
899,train,C,1.0,False
900,train,C,1.0,False
901,train,C,1.0,False
902,train,C,1.0,False
903,train,C,1.0,False
905,train,C,1.0,False
907,train,C,1.0,False
909,train,C,1.0,False
913,train,C,1.0,False
914,train,C,1.0,False
915,train,C,1.0,False
918,train,C,1.0,False
922,train,C,1.0,False
924,train,C,1.0,False
928,train,C,1.0,False
929,train,C,1.0,False
932,train,C,1.0,False
933,train,C,1.0,False
938,train,C,1.0,False
939,train,C,1.0,False
940,train,C,1.0,False
941,train,C,1.0,False
942,train,C,1.0,False
943,train,C,1.0,False
950,train,C,1.0,False
951,train,C,1.0,False
955,train,C,1.0,False
956,train,C,1.0,False
958,train,C,1.0,False
959,train,C,1.0,False
961,train,C,1.0,False
963,train,C,1.0,False
964,train,C,1.0,False
967,train,C,1.0,False
968,train,C,1.0,False
969,train,C,1.0,False
972,train,C,1.0,False
974,train,C,1.0,False
975,train,C,1.0,False
976,train,C,1.0,False
977,train,C,1.0,False
980,train,C,1.0,False
983,train,C,1.0,False
984,train,C,1.0,False
986,train,C,1.0,False
987,train,C,1.0,False
988,train,C,1.0,False
989,train,C,1.0,False
990,train,C,1.0,False
992,train,C,1.0,False
994,train,C,1.0,False
995,train,C,1.0,False
996,train,C,1.0,False
997,train,C,1.0,False
999,train,C,1.0,False
1000,train,C,1.0,False
1003,train,C,1.0,False
1004,train,C,1.0,False
1006,train,C,1.0,False
1008,train,C,1.0,False
1009,train,C,1.0,False
1015,train,C,1.0,False
1019,train,C,1.0,False
1020,train,C,1.0,False
1021,train,C,1.0,False
1027,train,C,1.0,False
1028,train,C,1.0,False
1029,train,C,1.0,False
1031,train,C,1.0,False
1034,train,C,1.0,False
1036,train,C,1.0,False
1037,train,C,1.0,False
1040,train,C,1.0,False
1041,train,C,1.0,False
1043,train,C,1.0,False
1044,train,C,1.0,False
1045,train,C,1.0,False
1047,train,C,1.0,False
1048,train,C,1.0,False
1051,train,C,1.0,False
1052,train,C,1.0,False
1053,train,C,1.0,False
1057,train,C,1.0,False
1058,train,C,1.0,False
1060,train,C,1.0,False
1063,train,C,1.0,False
1064,train,C,1.0,False
1067,train,C,1.0,False
1068,train,C,1.0,False
1069,train,C,1.0,False
1070,train,C,1.0,False
1072,train,C,1.0,False
1074,train,C,1.0,False
1080,train,C,1.0,False
1084,train,C,1.0,False
1087,train,C,1.0,False
1093,train,C,1.0,False
1094,train,C,1.0,False
1097,train,C,1.0,False
1098,train,C,1.0,False
1099,train,C,1.0,False
1100,train,C,1.0,False
1101,train,C,1.0,False
1102,train,C,1.0,False
1105,train,C,1.0,False
1106,train,C,1.0,False
1107,train,C,1.0,False
1110,train,C,1.0,False
1112,train,C,1.0,False
1113,train,C,1.0,False
1115,train,C,1.0,False
1116,train,C,1.0,False
1118,train,C,1.0,False
1120,train,C,1.0,False
1121,train,C,1.0,False
1125,train,C,1.0,False
1126,train,C,1.0,False
1127,train,C,1.0,False
1128,train,C,1.0,False
1131,train,C,1.0,False
1136,train,C,1.0,False
1138,train,C,1.0,False
1139,train,C,1.0,False
1141,train,C,1.0,False
1142,train,C,1.0,False
1145,train,C,1.0,False
1146,train,C,1.0,False
1147,train,C,1.0,False
1148,train,C,1.0,False
1149,train,C,1.0,False
1150,train,C,1.0,False
1151,train,C,1.0,False
1152,train,C,1.0,False
1153,train,C,1.0,False
1154,train,C,1.0,False
1155,train,C,1.0,False
1156,train,C,1.0,False
1158,train,C,1.0,False
1159,train,C,1.0,False
1161,train,C,1.0,False
1163,train,C,1.0,False
1164,train,C,1.0,False
1165,train,C,1.0,False
1166,train,C,1.0,False
1168,train,C,1.0,False
1174,train,C,1.0,False
1180,train,C,1.0,False
1182,train,C,1.0,False
1183,train,C,1.0,False
1185,train,C,1.0,False
1186,train,C,1.0,False
1187,train,C,1.0,False
1191,train,C,1.0,False
1192,train,C,1.0,False
1193,train,C,1.0,False
1194,train,C,1.0,False
1195,train,C,1.0,False
1196,train,C,1.0,False
1197,train,C,1.0,False
1201,train,C,1.0,False
1202,train,C,1.0,False
1203,train,C,1.0,False
1204,train,C,1.0,False
1205,train,C,1.0,False
1206,train,C,1.0,False
1207,train,C,1.0,False
1209,train,C,1.0,False
1210,train,C,1.0,False
1212,train,C,1.0,False
1213,train,C,1.0,False
1216,train,C,1.0,False
1219,train,C,1.0,False
1220,train,C,1.0,False
1223,train,C,1.0,False
1225,train,C,1.0,False
1226,train,C,1.0,False
1227,train,C,1.0,False
1228,train,C,1.0,False
1231,train,C,1.0,False
1233,train,C,1.0,False
1236,train,C,1.0,False
1237,train,C,1.0,False
1239,train,C,1.0,False
1240,train,C,1.0,False
1243,train,C,1.0,False
1246,train,C,1.0,False
1247,train,C,1.0,False
1248,train,C,1.0,False
1249,train,C,1.0,False
1250,train,C,1.0,False
1251,train,C,1.0,False
1253,train,C,1.0,False
1259,train,C,1.0,False
1260,train,C,1.0,False
1261,train,C,1.0,False
1263,train,C,1.0,False
1264,train,C,1.0,False
1266,train,C,1.0,False
1268,train,C,1.0,False
1272,train,C,1.0,False
1274,train,C,1.0,False
1275,train,C,1.0,False
1276,train,C,1.0,False
1279,train,C,1.0,False
1280,train,C,1.0,False
1281,train,C,1.0,False
1282,train,C,1.0,False
1283,train,C,1.0,False
1286,train,C,1.0,False
1287,train,C,1.0,False
1289,train,C,1.0,False
1290,train,C,1.0,False
1292,train,C,1.0,False
1293,train,C,1.0,False
1294,train,C,1.0,False
1297,train,C,1.0,False
1298,train,C,1.0,False
1299,train,C,1.0,False
1300,train,C,1.0,False
1301,train,C,1.0,False
1303,train,C,1.0,False
1304,train,C,1.0,False
1309,train,C,1.0,False
1310,train,C,1.0,False
1312,train,C,1.0,False
1313,train,C,1.0,False
1314,train,C,1.0,False
1316,train,C,1.0,False
1318,train,C,1.0,False
1320,train,C,1.0,False
1321,train,C,1.0,False
1324,train,C,1.0,False
1326,train,C,1.0,False
1328,train,C,1.0,False
1330,train,C,1.0,False
1332,train,C,1.0,False
1338,train,C,1.0,False
1342,train,C,1.0,False
1343,train,C,1.0,False
1344,train,C,1.0,False
1345,train,C,1.0,False
1346,train,C,1.0,False
1348,train,C,1.0,False
1349,train,C,1.0,False
1350,train,C,1.0,False
1351,train,C,1.0,False
1356,train,C,1.0,False
1361,train,C,1.0,False
1362,train,C,1.0,False
1363,train,C,1.0,False
1368,train,C,1.0,False
1370,train,C,1.0,False
1371,train,C,1.0,False
1372,train,C,1.0,False
1375,train,C,1.0,False
1377,train,C,1.0,False
1379,train,C,1.0,False
1380,train,C,1.0,False
1383,train,C,1.0,False
1385,train,C,1.0,False
1386,train,C,1.0,False
1387,train,C,1.0,False
1392,train,C,1.0,False
1394,train,C,1.0,False
1395,train,C,1.0,False
1396,train,C,1.0,False
1397,train,C,1.0,False
1398,train,C,1.0,False
1399,train,C,1.0,False
1400,train,C,1.0,False
1402,train,C,1.0,False
1403,train,C,1.0,False
1405,train,C,1.0,False
1406,train,C,1.0,False
1408,train,C,1.0,False
1409,train,C,1.0,False
1412,train,C,1.0,False
1414,train,C,1.0,False
1415,train,C,1.0,False
1417,train,C,1.0,False
1418,train,C,1.0,False
1419,train,C,1.0,False
1420,train,C,1.0,False
1421,train,C,1.0,False
1422,train,C,1.0,False
1423,train,C,1.0,False
1424,train,C,1.0,False
1425,train,C,1.0,False
1426,train,C,1.0,False
1431,train,C,1.0,False
1433,train,C,1.0,False
1434,train,C,1.0,False
1437,train,C,1.0,False
1438,train,C,1.0,False
1441,train,C,1.0,False
1442,train,C,1.0,False
1446,train,C,1.0,False
1447,train,C,1.0,False
1448,train,C,1.0,False
1449,train,C,1.0,False
1450,train,C,1.0,False
1451,train,C,1.0,False
1453,train,C,1.0,False
1455,train,C,1.0,False
1456,train,C,1.0,False
1457,train,C,1.0,False
1459,train,C,1.0,False
1462,train,C,1.0,False
1463,train,C,1.0,False
1465,train,C,1.0,False
6,validation,C,1.0,False
11,validation,C,1.0,False
13,validation,C,1.0,False
17,validation,C,1.0,False
19,validation,C,1.0,False
22,validation,C,1.0,False
29,validation,C,1.0,False
42,validation,C,1.0,False
44,validation,C,1.0,False
51,validation,C,1.0,False
60,validation,C,1.0,False
67,validation,C,1.0,False
85,validation,C,1.0,False
91,validation,C,1.0,False
93,validation,C,1.0,False
99,validation,C,1.0,False
101,validation,C,1.0,False
107,validation,C,1.0,False
111,validation,C,1.0,False
117,validation,C,1.0,False
120,validation,C,1.0,False
123,validation,C,1.0,False
135,validation,C,1.0,False
143,validation,C,1.0,False
151,validation,C,1.0,False
169,validation,C,1.0,False
190,validation,C,1.0,False
194,validation,C,1.0,False
196,validation,C,1.0,False
215,validation,C,1.0,False
216,validation,C,1.0,False
219,validation,C,1.0,False
223,validation,C,1.0,False
231,validation,C,1.0,False
232,validation,C,1.0,False
239,validation,C,1.0,False
242,validation,C,1.0,False
280,validation,C,1.0,False
302,validation,C,1.0,False
303,validation,C,1.0,False
309,validation,C,1.0,False
324,validation,C,1.0,False
329,validation,C,1.0,False
330,validation,C,1.0,False
332,validation,C,1.0,False
334,validation,C,1.0,False
347,validation,C,1.0,False
349,validation,C,1.0,False
353,validation,C,1.0,False
355,validation,C,1.0,False
360,validation,C,1.0,False
365,validation,C,1.0,False
375,validation,C,1.0,False
379,validation,C,1.0,False
380,validation,C,1.0,False
384,validation,C,1.0,False
390,validation,C,1.0,False
393,validation,C,1.0,False
400,validation,C,1.0,False
401,validation,C,1.0,False
402,validation,C,1.0,False
404,validation,C,1.0,False
408,validation,C,1.0,False
413,validation,C,1.0,False
415,validation,C,1.0,False
416,validation,C,1.0,False
418,validation,C,1.0,False
434,validation,C,1.0,False
437,validation,C,1.0,False
451,validation,C,1.0,False
455,validation,C,1.0,False
471,validation,C,1.0,False
480,validation,C,1.0,False
482,validation,C,1.0,False
489,validation,C,1.0,False
510,validation,C,1.0,False
523,validation,C,1.0,False
533,validation,C,1.0,False
563,validation,C,1.0,False
568,validation,C,1.0,False
574,validation,C,1.0,False
584,validation,C,1.0,False
586,validation,C,1.0,False
599,validation,C,1.0,False
605,validation,C,1.0,False
608,validation,C,1.0,False
616,validation,C,1.0,False
619,validation,C,1.0,False
629,validation,C,1.0,False
633,validation,C,1.0,False
635,validation,C,1.0,False
650,validation,C,1.0,False
651,validation,C,1.0,False
662,validation,C,1.0,False
667,validation,C,1.0,False
669,validation,C,1.0,False
671,validation,C,1.0,False
673,validation,C,1.0,False
680,validation,C,1.0,False
683,validation,C,1.0,False
697,validation,C,1.0,False
702,validation,C,1.0,False
704,validation,C,1.0,False
711,validation,C,1.0,False
712,validation,C,1.0,False
716,validation,C,1.0,False
754,validation,C,1.0,False
755,validation,C,1.0,False
756,validation,C,1.0,False
763,validation,C,1.0,False
768,validation,C,1.0,False
771,validation,C,1.0,False
775,validation,C,1.0,False
797,validation,C,1.0,False
807,validation,C,1.0,False
814,validation,C,1.0,False
815,validation,C,1.0,False
820,validation,C,1.0,False
832,validation,C,1.0,False
843,validation,C,1.0,False
848,validation,C,1.0,False
849,validation,C,1.0,False
857,validation,C,1.0,False
869,validation,C,1.0,False
873,validation,C,1.0,False
876,validation,C,1.0,False
881,validation,C,1.0,False
885,validation,C,1.0,False
895,validation,C,1.0,False
898,validation,C,1.0,False
908,validation,C,1.0,False
910,validation,C,1.0,False
920,validation,C,1.0,False
926,validation,C,1.0,False
927,validation,C,1.0,False
931,validation,C,1.0,False
935,validation,C,1.0,False
946,validation,C,1.0,False
949,validation,C,1.0,False
954,validation,C,1.0,False
978,validation,C,1.0,False
982,validation,C,1.0,False
1001,validation,C,1.0,False
1005,validation,C,1.0,False
1007,validation,C,1.0,False
1010,validation,C,1.0,False
1011,validation,C,1.0,False
1016,validation,C,1.0,False
1022,validation,C,1.0,False
1026,validation,C,1.0,False
1035,validation,C,1.0,False
1050,validation,C,1.0,False
1056,validation,C,1.0,False
1059,validation,C,1.0,False
1075,validation,C,1.0,False
1077,validation,C,1.0,False
1090,validation,C,1.0,False
1103,validation,C,1.0,False
1109,validation,C,1.0,False
1114,validation,C,1.0,False
1117,validation,C,1.0,False
1119,validation,C,1.0,False
1129,validation,C,1.0,False
1135,validation,C,1.0,False
1137,validation,C,1.0,False
1144,validation,C,1.0,False
1160,validation,C,1.0,False
1172,validation,C,1.0,False
1177,validation,C,1.0,False
1178,validation,C,1.0,False
1189,validation,C,1.0,False
1198,validation,C,1.0,False
1211,validation,C,1.0,False
1215,validation,C,1.0,False
1222,validation,C,1.0,False
1242,validation,C,1.0,False
1245,validation,C,1.0,False
1256,validation,C,1.0,False
1258,validation,C,1.0,False
1262,validation,C,1.0,False
1265,validation,C,1.0,False
1278,validation,C,1.0,False
1284,validation,C,1.0,False
1296,validation,C,1.0,False
1322,validation,C,1.0,False
1327,validation,C,1.0,False
1333,validation,C,1.0,False
1334,validation,C,1.0,False
1353,validation,C,1.0,False
1355,validation,C,1.0,False
1389,validation,C,1.0,False
1391,validation,C,1.0,False
1407,validation,C,1.0,False
1428,validation,C,1.0,False
1429,validation,C,1.0,False
1436,validation,C,1.0,False
1439,validation,C,1.0,False
1443,validation,C,1.0,False
1445,validation,C,1.0,False
1452,validation,C,1.0,False
