architecture,condition,seed,epoch_best,roc_auc,average_precision,sensitivity,specificity,accuracy,balanced_accuracy,tn,fp,fn,tp
resnet50,A,42,6,0.7929009193054137,0.41434459443825983,0.2727272727272727,0.9550561797752809,0.88,0.6138917262512769,170,8,16,6
resnet50,A,43,7,0.851123595505618,0.56243581142387,0.5454545454545454,0.9438202247191011,0.9,0.7446373850868233,168,10,10,12
resnet50,A,44,5,0.7640449438202247,0.3681997518146092,0.5909090909090909,0.7696629213483146,0.75,0.6802860061287028,137,41,9,13
resnet50,B,42,4,0.7155260469867212,0.27226730527996085,0.36363636363636365,0.848314606741573,0.795,0.6059754851889683,151,27,14,8
resnet50,B,43,5,0.7311031664964249,0.36357245746882766,0.3181818181818182,0.8764044943820225,0.815,0.5972931562819204,156,22,15,7
resnet50,B,44,5,0.7234422880490297,0.3777444801663169,0.3181818181818182,0.9382022471910112,0.87,0.6281920326864147,167,11,15,7
resnet50,C,42,5,0.7576608784473954,0.3616864240897954,0.45454545454545453,0.9157303370786517,0.865,0.6851378958120531,163,15,12,10
resnet50,C,43,5,0.7558733401430031,0.40893411604105484,0.5,0.9101123595505618,0.865,0.7050561797752809,162,16,11,11
resnet50,C,44,6,0.7842185903983656,0.3901193459937719,0.2727272727272727,0.9606741573033708,0.885,0.6167007150153218,171,7,16,6
densenet121,A,42,7,0.8541879468845761,0.48277438742244627,0.7727272727272727,0.848314606741573,0.84,0.8105209397344229,151,27,5,17
densenet121,A,43,5,0.8595505617977529,0.5190200934509612,0.5909090909090909,0.8764044943820225,0.845,0.7336567926455567,156,22,9,13
densenet121,A,44,7,0.8873850868232891,0.6159365575081683,0.6363636363636364,0.9438202247191011,0.91,0.7900919305413687,168,10,8,14
densenet121,B,42,5,0.772982635342186,0.3793733990543053,0.3181818181818182,0.9606741573033708,0.89,0.6394279877425945,171,7,15,7
densenet121,B,43,5,0.7203779366700716,0.32602678819409725,0.45454545454545453,0.8258426966292135,0.785,0.640194075587334,147,31,12,10
densenet121,B,44,6,0.8232890704800817,0.3624058143623497,0.36363636363636365,0.949438202247191,0.885,0.6565372829417773,169,9,14,8
densenet121,C,42,2,0.7837078651685393,0.3800724216122945,0.5454545454545454,0.8876404494382022,0.85,0.7165474974463738,158,20,10,12
densenet121,C,43,3,0.7492339121552605,0.36717360344724387,0.3181818181818182,0.9101123595505618,0.845,0.61414708886619,162,16,15,7
densenet121,C,44,2,0.7803881511746681,0.43879270407683896,0.6363636363636364,0.8820224719101124,0.855,0.7591930541368743,157,21,8,14
convnext_tiny,A,42,8,0.8853421859039836,0.5897772903318363,0.7727272727272727,0.7752808988764045,0.775,0.7740040858018387,138,40,5,17
convnext_tiny,A,43,7,0.8291624106230848,0.5295229065630265,0.3181818181818182,0.9775280898876404,0.905,0.6478549540347293,174,4,15,7
convnext_tiny,A,44,7,0.8156281920326863,0.5045757631104272,0.2727272727272727,0.9943820224719101,0.915,0.6335546475995915,177,1,16,6
convnext_tiny,B,42,8,0.764555669050051,0.4119904104612451,0.6818181818181818,0.6741573033707865,0.675,0.6779877425944841,120,58,7,15
convnext_tiny,B,43,9,0.7696629213483146,0.4616691008283288,0.36363636363636365,0.9719101123595506,0.905,0.6677732379979571,173,5,14,8
convnext_tiny,B,44,6,0.8130745658835546,0.4656559572300876,0.45454545454545453,0.9438202247191011,0.89,0.6991828396322778,168,10,12,10
convnext_tiny,C,42,4,0.7339121552604699,0.4508673614730133,0.6818181818181818,0.6910112359550562,0.69,0.686414708886619,123,55,7,15
convnext_tiny,C,43,9,0.8291624106230847,0.5905321627445889,0.6363636363636364,0.9213483146067416,0.89,0.7788559754851889,164,14,8,14
convnext_tiny,C,44,6,0.8253319713993872,0.4842380614792105,0.5909090909090909,0.9044943820224719,0.87,0.7477017364657814,161,17,9,13
