image_id,image_name,source_split,original_class,binary_label,binary_class,experimental_split
789,789.JPG,train,5,0,benign,train
312,312.JPG,train,4,0,benign,train
1196,1196.JPG,train,6,1,malignant,train
297,297.JPG,train,1,0,benign,train
263,263.JPG,train,2,0,benign,train
1067,1067.JPG,train,5,0,benign,train
222,222.JPG,train,5,0,benign,train
122,122.JPG,train,5,0,benign,train
1,1.JPG,train,4,0,benign,train
78,78.JPG,train,6,1,malignant,train
994,994.JPG,train,5,0,benign,train
1131,1131.JPG,train,5,0,benign,train
1424,1424.JPG,train,7,1,malignant,train
1309,1309.JPG,train,0,0,benign,train
941,941.JPG,train,2,0,benign,train
1465,1465.JPG,train,7,1,malignant,train
710,710.JPG,train,2,0,benign,train
507,507.JPG,train,5,0,benign,train
1126,1126.JPG,train,1,0,benign,train
1237,1237.JPG,train,4,0,benign,train
50,50.JPG,train,2,0,benign,train
766,766.JPG,train,2,0,benign,train
1093,1093.JPG,train,0,0,benign,train
32,32.JPG,train,0,0,benign,train
211,211.JPG,train,6,1,malignant,train
859,859.JPG,train,2,0,benign,train
990,990.JPG,train,2,0,benign,train
828,828.JPG,train,1,0,benign,train
1318,1318.JPG,train,6,1,malignant,train
373,373.JPG,train,0,0,benign,train
984,984.JPG,train,3,0,benign,train
578,578.JPG,train,0,0,benign,train
744,744.JPG,train,2,0,benign,train
1153,1153.JPG,train,2,0,benign,train
157,157.JPG,train,5,0,benign,train
1226,1226.JPG,train,2,0,benign,train
1326,1326.JPG,train,0,0,benign,train
583,583.JPG,train,2,0,benign,train
1195,1195.JPG,train,6,1,malignant,train
555,555.JPG,train,2,0,benign,train
1228,1228.JPG,train,2,0,benign,train
45,45.JPG,train,2,0,benign,train
603,603.JPG,train,6,1,malignant,train
1118,1118.JPG,train,1,0,benign,train
737,737.JPG,train,2,0,benign,train
1304,1304.JPG,train,2,0,benign,train
769,769.JPG,train,1,0,benign,train
1182,1182.JPG,train,3,0,benign,train
1301,1301.JPG,train,2,0,benign,train
1394,1394.JPG,train,5,0,benign,train
696,696.JPG,train,6,1,malignant,train
886,886.JPG,train,0,0,benign,train
65,65.JPG,train,1,0,benign,train
499,499.JPG,train,4,0,benign,train
105,105.JPG,train,1,0,benign,train
389,389.JPG,train,0,0,benign,train
72,72.JPG,train,4,0,benign,train
55,55.JPG,train,2,0,benign,train
262,262.JPG,train,2,0,benign,train
646,646.JPG,train,0,0,benign,train
513,513.JPG,train,2,0,benign,train
564,564.JPG,train,1,0,benign,train
142,142.JPG,train,5,0,benign,train
688,688.JPG,train,5,0,benign,train
286,286.JPG,train,2,0,benign,train
961,961.JPG,train,5,0,benign,train
721,721.JPG,train,0,0,benign,train
1040,1040.JPG,train,5,0,benign,train
38,38.JPG,train,0,0,benign,train
681,681.JPG,train,4,0,benign,train
270,270.JPG,train,5,0,benign,train
518,518.JPG,train,2,0,benign,train
176,176.JPG,train,5,0,benign,train
343,343.JPG,train,1,0,benign,train
708,708.JPG,train,2,0,benign,train
612,612.JPG,train,1,0,benign,train
43,43.JPG,train,4,0,benign,train
1142,1142.JPG,train,0,0,benign,train
115,115.JPG,train,5,0,benign,train
1239,1239.JPG,train,4,0,benign,train
519,519.JPG,train,2,0,benign,train
570,570.JPG,train,1,0,benign,train
192,192.JPG,train,0,0,benign,train
852,852.JPG,train,4,0,benign,train
630,630.JPG,train,3,0,benign,train
942,942.JPG,train,2,0,benign,train
879,879.JPG,train,4,0,benign,train
1282,1282.JPG,train,0,0,benign,train
903,903.JPG,train,2,0,benign,train
182,182.JPG,train,2,0,benign,train
407,407.JPG,train,1,0,benign,train
1159,1159.JPG,train,2,0,benign,train
643,643.JPG,train,0,0,benign,train
525,525.JPG,train,2,0,benign,train
607,607.JPG,train,3,0,benign,train
492,492.JPG,train,6,1,malignant,train
140,140.JPG,train,1,0,benign,train
823,823.JPG,train,1,0,benign,train
596,596.JPG,train,1,0,benign,train
1231,1231.JPG,train,1,0,benign,train
782,782.JPG,train,5,0,benign,train
230,230.JPG,train,5,0,benign,train
1289,1289.JPG,train,1,0,benign,train
458,458.JPG,train,1,0,benign,train
444,444.JPG,train,2,0,benign,train
530,530.JPG,train,5,0,benign,train
932,932.JPG,train,5,0,benign,train
969,969.JPG,train,2,0,benign,train
1219,1219.JPG,train,4,0,benign,train
1392,1392.JPG,train,2,0,benign,train
556,556.JPG,train,2,0,benign,train
133,133.JPG,train,1,0,benign,train
307,307.JPG,train,2,0,benign,train
224,224.JPG,train,6,1,malignant,train
456,456.JPG,train,1,0,benign,train
33,33.JPG,train,0,0,benign,train
1166,1166.JPG,train,0,0,benign,train
1084,1084.JPG,train,2,0,benign,train
282,282.JPG,train,6,1,malignant,train
424,424.JPG,train,1,0,benign,train
527,527.JPG,train,2,0,benign,train
24,24.JPG,train,6,1,malignant,train
1186,1186.JPG,train,3,0,benign,train
794,794.JPG,train,6,1,malignant,train
1422,1422.JPG,train,7,1,malignant,train
1356,1356.JPG,train,1,0,benign,train
351,351.JPG,train,2,0,benign,train
1433,1433.JPG,train,7,1,malignant,train
1286,1286.JPG,train,0,0,benign,train
1106,1106.JPG,train,2,0,benign,train
865,865.JPG,train,1,0,benign,train
119,119.JPG,train,1,0,benign,train
278,278.JPG,train,6,1,malignant,train
340,340.JPG,train,1,0,benign,train
166,166.JPG,train,2,0,benign,train
1383,1383.JPG,train,5,0,benign,train
749,749.JPG,train,6,1,malignant,train
1259,1259.JPG,train,2,0,benign,train
577,577.JPG,train,0,0,benign,train
1180,1180.JPG,train,3,0,benign,train
1193,1193.JPG,train,6,1,malignant,train
497,497.JPG,train,4,0,benign,train
187,187.JPG,train,5,0,benign,train
951,951.JPG,train,2,0,benign,train
173,173.JPG,train,2,0,benign,train
543,543.JPG,train,5,0,benign,train
660,660.JPG,train,5,0,benign,train
1343,1343.JPG,train,0,0,benign,train
172,172.JPG,train,2,0,benign,train
576,576.JPG,train,0,0,benign,train
183,183.JPG,train,2,0,benign,train
235,235.JPG,train,2,0,benign,train
575,575.JPG,train,0,0,benign,train
54,54.JPG,train,2,0,benign,train
829,829.JPG,train,1,0,benign,train
1206,1206.JPG,train,0,0,benign,train
798,798.JPG,train,0,0,benign,train
1148,1148.JPG,train,3,0,benign,train
214,214.JPG,train,6,1,malignant,train
1314,1314.JPG,train,5,0,benign,train
410,410.JPG,train,1,0,benign,train
1113,1113.JPG,train,5,0,benign,train
291,291.JPG,train,0,0,benign,train
968,968.JPG,train,1,0,benign,train
907,907.JPG,train,0,0,benign,train
665,665.JPG,train,5,0,benign,train
289,289.JPG,train,0,0,benign,train
666,666.JPG,train,1,0,benign,train
871,871.JPG,train,2,0,benign,train
174,174.JPG,train,2,0,benign,train
880,880.JPG,train,0,0,benign,train
485,485.JPG,train,2,0,benign,train
787,787.JPG,train,6,1,malignant,train
615,615.JPG,train,1,0,benign,train
720,720.JPG,train,0,0,benign,train
801,801.JPG,train,0,0,benign,train
1246,1246.JPG,train,0,0,benign,train
796,796.JPG,train,0,0,benign,train
537,537.JPG,train,2,0,benign,train
598,598.JPG,train,2,0,benign,train
346,346.JPG,train,1,0,benign,train
724,724.JPG,train,0,0,benign,train
498,498.JPG,train,4,0,benign,train
813,813.JPG,train,1,0,benign,train
891,891.JPG,train,1,0,benign,train
915,915.JPG,train,6,1,malignant,train
1344,1344.JPG,train,0,0,benign,train
597,597.JPG,train,2,0,benign,train
634,634.JPG,train,2,0,benign,train
1276,1276.JPG,train,5,0,benign,train
454,454.JPG,train,0,0,benign,train
686,686.JPG,train,5,0,benign,train
729,729.JPG,train,1,0,benign,train
1248,1248.JPG,train,0,0,benign,train
940,940.JPG,train,2,0,benign,train
226,226.JPG,train,6,1,malignant,train
1361,1361.JPG,train,0,0,benign,train
357,357.JPG,train,3,0,benign,train
1225,1225.JPG,train,2,0,benign,train
785,785.JPG,train,4,0,benign,train
450,450.JPG,train,6,1,malignant,train
516,516.JPG,train,5,0,benign,train
1146,1146.JPG,train,0,0,benign,train
478,478.JPG,train,3,0,benign,train
367,367.JPG,train,3,0,benign,train
1164,1164.JPG,train,0,0,benign,train
438,438.JPG,train,2,0,benign,train
875,875.JPG,train,1,0,benign,train
538,538.JPG,train,0,0,benign,train
812,812.JPG,train,2,0,benign,train
273,273.JPG,train,2,0,benign,train
118,118.JPG,train,1,0,benign,train
1041,1041.JPG,train,1,0,benign,train
593,593.JPG,train,1,0,benign,train
888,888.JPG,train,5,0,benign,train
1003,1003.JPG,train,5,0,benign,train
774,774.JPG,train,1,0,benign,train
913,913.JPG,train,5,0,benign,train
545,545.JPG,train,5,0,benign,train
1370,1370.JPG,train,0,0,benign,train
579,579.JPG,train,0,0,benign,train
1243,1243.JPG,train,2,0,benign,train
1150,1150.JPG,train,3,0,benign,train
218,218.JPG,train,0,0,benign,train
1009,1009.JPG,train,5,0,benign,train
799,799.JPG,train,0,0,benign,train
1212,1212.JPG,train,0,0,benign,train
725,725.JPG,train,2,0,benign,train
1063,1063.JPG,train,0,0,benign,train
321,321.JPG,train,1,0,benign,train
1210,1210.JPG,train,0,0,benign,train
1348,1348.JPG,train,0,0,benign,train
709,709.JPG,train,2,0,benign,train
1163,1163.JPG,train,0,0,benign,train
59,59.JPG,train,1,0,benign,train
777,777.JPG,train,2,0,benign,train
198,198.JPG,train,0,0,benign,train
1375,1375.JPG,train,4,0,benign,train
74,74.JPG,train,5,0,benign,train
293,293.JPG,train,0,0,benign,train
305,305.JPG,train,2,0,benign,train
836,836.JPG,train,3,0,benign,train
372,372.JPG,train,3,0,benign,train
1406,1406.JPG,train,5,0,benign,train
1316,1316.JPG,train,5,0,benign,train
835,835.JPG,train,3,0,benign,train
1396,1396.JPG,train,2,0,benign,train
617,617.JPG,train,1,0,benign,train
1127,1127.JPG,train,5,0,benign,train
1080,1080.JPG,train,2,0,benign,train
899,899.JPG,train,5,0,benign,train
490,490.JPG,train,1,0,benign,train
165,165.JPG,train,5,0,benign,train
1020,1020.JPG,train,2,0,benign,train
933,933.JPG,train,2,0,benign,train
901,901.JPG,train,0,0,benign,train
1451,1451.JPG,train,7,1,malignant,train
1074,1074.JPG,train,5,0,benign,train
655,655.JPG,train,2,0,benign,train
1072,1072.JPG,train,2,0,benign,train
209,209.JPG,train,0,0,benign,train
1403,1403.JPG,train,5,0,benign,train
423,423.JPG,train,2,0,benign,train
427,427.JPG,train,3,0,benign,train
335,335.JPG,train,2,0,benign,train
668,668.JPG,train,1,0,benign,train
200,200.JPG,train,0,0,benign,train
290,290.JPG,train,0,0,benign,train
1408,1408.JPG,train,2,0,benign,train
692,692.JPG,train,6,1,malignant,train
1138,1138.JPG,train,0,0,benign,train
1158,1158.JPG,train,2,0,benign,train
1110,1110.JPG,train,5,0,benign,train
526,526.JPG,train,2,0,benign,train
860,860.JPG,train,2,0,benign,train
46,46.JPG,train,2,0,benign,train
983,983.JPG,train,3,0,benign,train
1338,1338.JPG,train,5,0,benign,train
808,808.JPG,train,5,0,benign,train
590,590.JPG,train,4,0,benign,train
422,422.JPG,train,5,0,benign,train
284,284.JPG,train,5,0,benign,train
780,780.JPG,train,0,0,benign,train
1223,1223.JPG,train,2,0,benign,train
1446,1446.JPG,train,7,1,malignant,train
625,625.JPG,train,3,0,benign,train
601,601.JPG,train,4,0,benign,train
1192,1192.JPG,train,3,0,benign,train
1362,1362.JPG,train,0,0,benign,train
1070,1070.JPG,train,2,0,benign,train
834,834.JPG,train,1,0,benign,train
1183,1183.JPG,train,3,0,benign,train
874,874.JPG,train,1,0,benign,train
761,761.JPG,train,1,0,benign,train
310,310.JPG,train,2,0,benign,train
900,900.JPG,train,0,0,benign,train
139,139.JPG,train,1,0,benign,train
82,82.JPG,train,0,0,benign,train
272,272.JPG,train,2,0,benign,train
818,818.JPG,train,2,0,benign,train
589,589.JPG,train,4,0,benign,train
276,276.JPG,train,6,1,malignant,train
767,767.JPG,train,2,0,benign,train
147,147.JPG,train,3,0,benign,train
1346,1346.JPG,train,0,0,benign,train
974,974.JPG,train,0,0,benign,train
421,421.JPG,train,5,0,benign,train
244,244.JPG,train,5,0,benign,train
1310,1310.JPG,train,0,0,benign,train
611,611.JPG,train,3,0,benign,train
69,69.JPG,train,2,0,benign,train
53,53.JPG,train,2,0,benign,train
604,604.JPG,train,6,1,malignant,train
587,587.JPG,train,5,0,benign,train
1459,1459.JPG,train,7,1,malignant,train
676,676.JPG,train,0,0,benign,train
542,542.JPG,train,5,0,benign,train
759,759.JPG,train,1,0,benign,train
905,905.JPG,train,5,0,benign,train
20,20.JPG,train,6,1,malignant,train
184,184.JPG,train,5,0,benign,train
645,645.JPG,train,0,0,benign,train
1385,1385.JPG,train,1,0,benign,train
1156,1156.JPG,train,2,0,benign,train
57,57.JPG,train,2,0,benign,train
613,613.JPG,train,1,0,benign,train
547,547.JPG,train,1,0,benign,train
757,757.JPG,train,1,0,benign,train
861,861.JPG,train,2,0,benign,train
809,809.JPG,train,5,0,benign,train
502,502.JPG,train,5,0,benign,train
670,670.JPG,train,4,0,benign,train
1324,1324.JPG,train,5,0,benign,train
1350,1350.JPG,train,0,0,benign,train
1386,1386.JPG,train,1,0,benign,train
1036,1036.JPG,train,0,0,benign,train
49,49.JPG,train,2,0,benign,train
819,819.JPG,train,2,0,benign,train
265,265.JPG,train,5,0,benign,train
647,647.JPG,train,0,0,benign,train
1292,1292.JPG,train,1,0,benign,train
250,250.JPG,train,1,0,benign,train
10,10.JPG,train,0,0,benign,train
659,659.JPG,train,5,0,benign,train
893,893.JPG,train,1,0,benign,train
588,588.JPG,train,5,0,benign,train
733,733.JPG,train,0,0,benign,train
275,275.JPG,train,5,0,benign,train
902,902.JPG,train,0,0,benign,train
1155,1155.JPG,train,2,0,benign,train
684,684.JPG,train,4,0,benign,train
811,811.JPG,train,2,0,benign,train
1094,1094.JPG,train,5,0,benign,train
75,75.JPG,train,5,0,benign,train
706,706.JPG,train,2,0,benign,train
764,764.JPG,train,2,0,benign,train
28,28.JPG,train,0,0,benign,train
113,113.JPG,train,5,0,benign,train
439,439.JPG,train,2,0,benign,train
2,2.JPG,train,4,0,benign,train
1019,1019.JPG,train,2,0,benign,train
705,705.JPG,train,5,0,benign,train
976,976.JPG,train,3,0,benign,train
571,571.JPG,train,1,0,benign,train
1342,1342.JPG,train,5,0,benign,train
552,552.JPG,train,5,0,benign,train
298,298.JPG,train,6,1,malignant,train
943,943.JPG,train,2,0,benign,train
858,858.JPG,train,2,0,benign,train
1191,1191.JPG,train,3,0,benign,train
35,35.JPG,train,0,0,benign,train
1034,1034.JPG,train,5,0,benign,train
567,567.JPG,train,5,0,benign,train
467,467.JPG,train,6,1,malignant,train
1303,1303.JPG,train,4,0,benign,train
18,18.JPG,train,0,0,benign,train
411,411.JPG,train,4,0,benign,train
95,95.JPG,train,1,0,benign,train
738,738.JPG,train,2,0,benign,train
1058,1058.JPG,train,2,0,benign,train
803,803.JPG,train,0,0,benign,train
678,678.JPG,train,0,0,benign,train
867,867.JPG,train,1,0,benign,train
221,221.JPG,train,5,0,benign,train
1297,1297.JPG,train,0,0,benign,train
722,722.JPG,train,0,0,benign,train
1097,1097.JPG,train,2,0,benign,train
1098,1098.JPG,train,0,0,benign,train
695,695.JPG,train,6,1,malignant,train
1029,1029.JPG,train,1,0,benign,train
892,892.JPG,train,1,0,benign,train
160,160.JPG,train,0,0,benign,train
992,992.JPG,train,2,0,benign,train
1380,1380.JPG,train,1,0,benign,train
1209,1209.JPG,train,0,0,benign,train
1363,1363.JPG,train,5,0,benign,train
1145,1145.JPG,train,0,0,benign,train
461,461.JPG,train,2,0,benign,train
889,889.JPG,train,5,0,benign,train
918,918.JPG,train,2,0,benign,train
853,853.JPG,train,6,1,malignant,train
1247,1247.JPG,train,0,0,benign,train
1253,1253.JPG,train,0,0,benign,train
624,624.JPG,train,3,0,benign,train
77,77.JPG,train,6,1,malignant,train
178,178.JPG,train,1,0,benign,train
1165,1165.JPG,train,0,0,benign,train
963,963.JPG,train,5,0,benign,train
1174,1174.JPG,train,6,1,malignant,train
251,251.JPG,train,1,0,benign,train
1028,1028.JPG,train,1,0,benign,train
52,52.JPG,train,2,0,benign,train
1320,1320.JPG,train,6,1,malignant,train
161,161.JPG,train,0,0,benign,train
1402,1402.JPG,train,2,0,benign,train
529,529.JPG,train,5,0,benign,train
238,238.JPG,train,2,0,benign,train
750,750.JPG,train,6,1,malignant,train
205,205.JPG,train,0,0,benign,train
591,591.JPG,train,5,0,benign,train
980,980.JPG,train,5,0,benign,train
841,841.JPG,train,2,0,benign,train
731,731.JPG,train,0,0,benign,train
1420,1420.JPG,train,7,1,malignant,train
1377,1377.JPG,train,1,0,benign,train
569,569.JPG,train,1,0,benign,train
1220,1220.JPG,train,4,0,benign,train
58,58.JPG,train,1,0,benign,train
1442,1442.JPG,train,7,1,malignant,train
1043,1043.JPG,train,2,0,benign,train
319,319.JPG,train,1,0,benign,train
23,23.JPG,train,6,1,malignant,train
1136,1136.JPG,train,5,0,benign,train
1438,1438.JPG,train,7,1,malignant,train
132,132.JPG,train,1,0,benign,train
1418,1418.JPG,train,7,1,malignant,train
1116,1116.JPG,train,1,0,benign,train
657,657.JPG,train,5,0,benign,train
1463,1463.JPG,train,7,1,malignant,train
772,772.JPG,train,1,0,benign,train
428,428.JPG,train,3,0,benign,train
1120,1120.JPG,train,5,0,benign,train
417,417.JPG,train,1,0,benign,train
1260,1260.JPG,train,2,0,benign,train
68,68.JPG,train,2,0,benign,train
1417,1417.JPG,train,7,1,malignant,train
717,717.JPG,train,0,0,benign,train
566,566.JPG,train,5,0,benign,train
924,924.JPG,train,2,0,benign,train
1101,1101.JPG,train,0,0,benign,train
479,479.JPG,train,1,0,benign,train
637,637.JPG,train,2,0,benign,train
484,484.JPG,train,5,0,benign,train
283,283.JPG,train,6,1,malignant,train
719,719.JPG,train,0,0,benign,train
723,723.JPG,train,0,0,benign,train
435,435.JPG,train,2,0,benign,train
449,449.JPG,train,0,0,benign,train
31,31.JPG,train,0,0,benign,train
1263,1263.JPG,train,2,0,benign,train
1298,1298.JPG,train,3,0,benign,train
463,463.JPG,train,2,0,benign,train
1299,1299.JPG,train,3,0,benign,train
846,846.JPG,train,2,0,benign,train
121,121.JPG,train,5,0,benign,train
1152,1152.JPG,train,3,0,benign,train
256,256.JPG,train,5,0,benign,train
328,328.JPG,train,0,0,benign,train
1448,1448.JPG,train,7,1,malignant,train
1453,1453.JPG,train,7,1,malignant,train
929,929.JPG,train,2,0,benign,train
727,727.JPG,train,2,0,benign,train
1455,1455.JPG,train,7,1,malignant,train
469,469.JPG,train,2,0,benign,train
674,674.JPG,train,0,0,benign,train
950,950.JPG,train,2,0,benign,train
1044,1044.JPG,train,2,0,benign,train
745,745.JPG,train,2,0,benign,train
131,131.JPG,train,1,0,benign,train
1185,1185.JPG,train,3,0,benign,train
314,314.JPG,train,0,0,benign,train
127,127.JPG,train,5,0,benign,train
7,7.JPG,train,0,0,benign,train
1233,1233.JPG,train,1,0,benign,train
1008,1008.JPG,train,0,0,benign,train
528,528.JPG,train,5,0,benign,train
150,150.JPG,train,3,0,benign,train
470,470.JPG,train,4,0,benign,train
100,100.JPG,train,1,0,benign,train
207,207.JPG,train,0,0,benign,train
1274,1274.JPG,train,5,0,benign,train
1004,1004.JPG,train,5,0,benign,train
406,406.JPG,train,1,0,benign,train
14,14.JPG,train,0,0,benign,train
1330,1330.JPG,train,0,0,benign,train
300,300.JPG,train,6,1,malignant,train
188,188.JPG,train,0,0,benign,train
855,855.JPG,train,6,1,malignant,train
1121,1121.JPG,train,5,0,benign,train
1068,1068.JPG,train,5,0,benign,train
1045,1045.JPG,train,0,0,benign,train
753,753.JPG,train,2,0,benign,train
839,839.JPG,train,3,0,benign,train
1349,1349.JPG,train,0,0,benign,train
4,4.JPG,train,4,0,benign,train
838,838.JPG,train,3,0,benign,train
544,544.JPG,train,5,0,benign,train
397,397.JPG,train,6,1,malignant,train
104,104.JPG,train,1,0,benign,train
1053,1053.JPG,train,1,0,benign,train
1048,1048.JPG,train,0,0,benign,train
460,460.JPG,train,1,0,benign,train
25,25.JPG,train,6,1,malignant,train
522,522.JPG,train,5,0,benign,train
1371,1371.JPG,train,5,0,benign,train
320,320.JPG,train,1,0,benign,train
1266,1266.JPG,train,0,0,benign,train
698,698.JPG,train,6,1,malignant,train
348,348.JPG,train,2,0,benign,train
822,822.JPG,train,6,1,malignant,train
1279,1279.JPG,train,0,0,benign,train
730,730.JPG,train,1,0,benign,train
658,658.JPG,train,5,0,benign,train
376,376.JPG,train,0,0,benign,train
108,108.JPG,train,4,0,benign,train
81,81.JPG,train,0,0,benign,train
509,509.JPG,train,5,0,benign,train
833,833.JPG,train,3,0,benign,train
742,742.JPG,train,2,0,benign,train
557,557.JPG,train,5,0,benign,train
374,374.JPG,train,0,0,benign,train
433,433.JPG,train,2,0,benign,train
1161,1161.JPG,train,0,0,benign,train
167,167.JPG,train,2,0,benign,train
1197,1197.JPG,train,6,1,malignant,train
414,414.JPG,train,6,1,malignant,train
987,987.JPG,train,5,0,benign,train
786,786.JPG,train,6,1,malignant,train
106,106.JPG,train,5,0,benign,train
366,366.JPG,train,3,0,benign,train
195,195.JPG,train,0,0,benign,train
541,541.JPG,train,0,0,benign,train
146,146.JPG,train,5,0,benign,train
845,845.JPG,train,0,0,benign,train
236,236.JPG,train,2,0,benign,train
1328,1328.JPG,train,0,0,benign,train
805,805.JPG,train,0,0,benign,train
622,622.JPG,train,3,0,benign,train
758,758.JPG,train,1,0,benign,train
1105,1105.JPG,train,2,0,benign,train
1462,1462.JPG,train,7,1,malignant,train
1405,1405.JPG,train,5,0,benign,train
1115,1115.JPG,train,5,0,benign,train
1147,1147.JPG,train,0,0,benign,train
572,572.JPG,train,5,0,benign,train
675,675.JPG,train,0,0,benign,train
87,87.JPG,train,5,0,benign,train
185,185.JPG,train,5,0,benign,train
1400,1400.JPG,train,2,0,benign,train
549,549.JPG,train,5,0,benign,train
783,783.JPG,train,5,0,benign,train
1268,1268.JPG,train,5,0,benign,train
409,409.JPG,train,1,0,benign,train
1419,1419.JPG,train,7,1,malignant,train
713,713.JPG,train,2,0,benign,train
1351,1351.JPG,train,0,0,benign,train
1139,1139.JPG,train,0,0,benign,train
1275,1275.JPG,train,5,0,benign,train
664,664.JPG,train,5,0,benign,train
1398,1398.JPG,train,5,0,benign,train
739,739.JPG,train,2,0,benign,train
988,988.JPG,train,5,0,benign,train
1112,1112.JPG,train,4,0,benign,train
257,257.JPG,train,5,0,benign,train
1015,1015.JPG,train,5,0,benign,train
378,378.JPG,train,0,0,benign,train
86,86.JPG,train,0,0,benign,train
37,37.JPG,train,0,0,benign,train
955,955.JPG,train,5,0,benign,train
381,381.JPG,train,2,0,benign,train
368,368.JPG,train,3,0,benign,train
760,760.JPG,train,1,0,benign,train
1421,1421.JPG,train,7,1,malignant,train
1431,1431.JPG,train,7,1,malignant,train
1052,1052.JPG,train,1,0,benign,train
618,618.JPG,train,1,0,benign,train
1205,1205.JPG,train,0,0,benign,train
1236,1236.JPG,train,4,0,benign,train
1450,1450.JPG,train,7,1,malignant,train
1368,1368.JPG,train,0,0,benign,train
1204,1204.JPG,train,5,0,benign,train
1387,1387.JPG,train,1,0,benign,train
40,40.JPG,train,0,0,benign,train
260,260.JPG,train,2,0,benign,train
788,788.JPG,train,6,1,malignant,train
1409,1409.JPG,train,6,1,malignant,train
956,956.JPG,train,5,0,benign,train
396,396.JPG,train,0,0,benign,train
790,790.JPG,train,5,0,benign,train
294,294.JPG,train,0,0,benign,train
850,850.JPG,train,4,0,benign,train
1128,1128.JPG,train,1,0,benign,train
1264,1264.JPG,train,0,0,benign,train
212,212.JPG,train,6,1,malignant,train
446,446.JPG,train,0,0,benign,train
736,736.JPG,train,2,0,benign,train
765,765.JPG,train,2,0,benign,train
726,726.JPG,train,2,0,benign,train
1261,1261.JPG,train,2,0,benign,train
1102,1102.JPG,train,0,0,benign,train
189,189.JPG,train,0,0,benign,train
1240,1240.JPG,train,2,0,benign,train
1187,1187.JPG,train,3,0,benign,train
362,362.JPG,train,3,0,benign,train
663,663.JPG,train,5,0,benign,train
887,887.JPG,train,5,0,benign,train
241,241.JPG,train,0,0,benign,train
641,641.JPG,train,0,0,benign,train
327,327.JPG,train,0,0,benign,train
505,505.JPG,train,2,0,benign,train
1047,1047.JPG,train,0,0,benign,train
1397,1397.JPG,train,5,0,benign,train
337,337.JPG,train,2,0,benign,train
1021,1021.JPG,train,2,0,benign,train
1064,1064.JPG,train,2,0,benign,train
1125,1125.JPG,train,1,0,benign,train
565,565.JPG,train,1,0,benign,train
1060,1060.JPG,train,1,0,benign,train
466,466.JPG,train,2,0,benign,train
287,287.JPG,train,2,0,benign,train
97,97.JPG,train,5,0,benign,train
677,677.JPG,train,0,0,benign,train
141,141.JPG,train,5,0,benign,train
922,922.JPG,train,5,0,benign,train
1100,1100.JPG,train,2,0,benign,train
989,989.JPG,train,5,0,benign,train
1149,1149.JPG,train,3,0,benign,train
405,405.JPG,train,1,0,benign,train
202,202.JPG,train,5,0,benign,train
233,233.JPG,train,2,0,benign,train
138,138.JPG,train,1,0,benign,train
175,175.JPG,train,5,0,benign,train
156,156.JPG,train,5,0,benign,train
252,252.JPG,train,1,0,benign,train
1203,1203.JPG,train,5,0,benign,train
1000,1000.JPG,train,2,0,benign,train
432,432.JPG,train,0,0,benign,train
462,462.JPG,train,2,0,benign,train
550,550.JPG,train,5,0,benign,train
1057,1057.JPG,train,2,0,benign,train
964,964.JPG,train,5,0,benign,train
938,938.JPG,train,2,0,benign,train
939,939.JPG,train,2,0,benign,train
1332,1332.JPG,train,2,0,benign,train
531,531.JPG,train,5,0,benign,train
425,425.JPG,train,1,0,benign,train
1426,1426.JPG,train,7,1,malignant,train
9,9.JPG,train,0,0,benign,train
1201,1201.JPG,train,0,0,benign,train
364,364.JPG,train,1,0,benign,train
1202,1202.JPG,train,5,0,benign,train
246,246.JPG,train,5,0,benign,train
975,975.JPG,train,0,0,benign,train
972,972.JPG,train,0,0,benign,train
909,909.JPG,train,0,0,benign,train
1031,1031.JPG,train,5,0,benign,train
1412,1412.JPG,train,1,0,benign,train
30,30.JPG,train,0,0,benign,train
1425,1425.JPG,train,7,1,malignant,train
153,153.JPG,train,3,0,benign,train
967,967.JPG,train,1,0,benign,train
34,34.JPG,train,0,0,benign,train
208,208.JPG,train,0,0,benign,train
274,274.JPG,train,5,0,benign,train
1345,1345.JPG,train,0,0,benign,train
395,395.JPG,train,0,0,benign,train
648,648.JPG,train,5,0,benign,train
80,80.JPG,train,0,0,benign,train
420,420.JPG,train,1,0,benign,train
130,130.JPG,train,1,0,benign,train
1027,1027.JPG,train,0,0,benign,train
746,746.JPG,train,2,0,benign,train
1456,1456.JPG,train,7,1,malignant,train
959,959.JPG,train,5,0,benign,train
1434,1434.JPG,train,7,1,malignant,train
996,996.JPG,train,2,0,benign,train
426,426.JPG,train,3,0,benign,train
1051,1051.JPG,train,1,0,benign,train
1281,1281.JPG,train,0,0,benign,train
795,795.JPG,train,6,1,malignant,train
197,197.JPG,train,0,0,benign,train
247,247.JPG,train,5,0,benign,train
995,995.JPG,train,5,0,benign,train
62,62.JPG,train,1,0,benign,train
986,986.JPG,train,3,0,benign,train
654,654.JPG,train,2,0,benign,train
715,715.JPG,train,0,0,benign,train
1415,1415.JPG,train,4,0,benign,train
1457,1457.JPG,train,7,1,malignant,train
459,459.JPG,train,1,0,benign,train
1227,1227.JPG,train,2,0,benign,train
204,204.JPG,train,5,0,benign,train
1395,1395.JPG,train,2,0,benign,train
213,213.JPG,train,6,1,malignant,train
928,928.JPG,train,2,0,benign,train
279,279.JPG,train,6,1,malignant,train
1290,1290.JPG,train,1,0,benign,train
318,318.JPG,train,1,0,benign,train
977,977.JPG,train,3,0,benign,train
41,41.JPG,train,0,0,benign,train
317,317.JPG,train,1,0,benign,train
465,465.JPG,train,2,0,benign,train
1447,1447.JPG,train,7,1,malignant,train
827,827.JPG,train,2,0,benign,train
481,481.JPG,train,0,0,benign,train
1441,1441.JPG,train,7,1,malignant,train
1321,1321.JPG,train,6,1,malignant,train
92,92.JPG,train,1,0,benign,train
419,419.JPG,train,1,0,benign,train
486,486.JPG,train,2,0,benign,train
914,914.JPG,train,5,0,benign,train
1216,1216.JPG,train,0,0,benign,train
341,341.JPG,train,1,0,benign,train
781,781.JPG,train,0,0,benign,train
1194,1194.JPG,train,6,1,malignant,train
1251,1251.JPG,train,0,0,benign,train
491,491.JPG,train,1,0,benign,train
1283,1283.JPG,train,0,0,benign,train
1312,1312.JPG,train,2,0,benign,train
562,562.JPG,train,6,1,malignant,train
259,259.JPG,train,2,0,benign,train
628,628.JPG,train,3,0,benign,train
1449,1449.JPG,train,7,1,malignant,train
1423,1423.JPG,train,7,1,malignant,train
999,999.JPG,train,2,0,benign,train
840,840.JPG,train,2,0,benign,train
398,398.JPG,train,4,0,benign,train
1006,1006.JPG,train,0,0,benign,train
1399,1399.JPG,train,5,0,benign,train
110,110.JPG,train,4,0,benign,train
1313,1313.JPG,train,2,0,benign,train
642,642.JPG,train,0,0,benign,train
56,56.JPG,train,2,0,benign,train
1250,1250.JPG,train,0,0,benign,train
1213,1213.JPG,train,0,0,benign,train
830,830.JPG,train,6,1,malignant,train
851,851.JPG,train,4,0,benign,train
1379,1379.JPG,train,1,0,benign,train
342,342.JPG,train,1,0,benign,train
304,304.JPG,train,1,0,benign,train
1300,1300.JPG,train,0,0,benign,train
866,866.JPG,train,1,0,benign,train
1107,1107.JPG,train,2,0,benign,train
1272,1272.JPG,train,1,0,benign,train
1287,1287.JPG,train,0,0,benign,train
66,66.JPG,train,2,0,benign,train
1280,1280.JPG,train,0,0,benign,train
1069,1069.JPG,train,5,0,benign,train
1141,1141.JPG,train,0,0,benign,train
1293,1293.JPG,train,1,0,benign,train
1099,1099.JPG,train,4,0,benign,train
1087,1087.JPG,train,2,0,benign,train
61,61.JPG,train,1,0,benign,train
824,824.JPG,train,0,0,benign,train
1372,1372.JPG,train,2,0,benign,train
199,199.JPG,train,0,0,benign,train
447,447.JPG,train,0,0,benign,train
285,285.JPG,train,5,0,benign,train
277,277.JPG,train,6,1,malignant,train
1207,1207.JPG,train,0,0,benign,train
369,369.JPG,train,3,0,benign,train
503,503.JPG,train,5,0,benign,train
734,734.JPG,train,0,0,benign,train
1249,1249.JPG,train,0,0,benign,train
103,103.JPG,train,1,0,benign,train
1294,1294.JPG,train,4,0,benign,train
483,483.JPG,train,5,0,benign,train
338,338.JPG,train,1,0,benign,train
79,79.JPG,train,0,0,benign,train
1414,1414.JPG,train,2,0,benign,train
728,728.JPG,train,1,0,benign,train
958,958.JPG,train,5,0,benign,train
1151,1151.JPG,train,3,0,benign,train
1037,1037.JPG,train,0,0,benign,train
559,559.JPG,train,2,0,benign,train
116,116.JPG,train,5,0,benign,train
831,831.JPG,train,6,1,malignant,train
1168,1168.JPG,train,0,0,benign,train
500,500.JPG,train,4,0,benign,train
540,540.JPG,train,0,0,benign,train
109,109.JPG,train,4,0,benign,train
311,311.JPG,train,4,0,benign,train
1154,1154.JPG,train,2,0,benign,train
243,243.JPG,train,5,0,benign,train
997,997.JPG,train,2,0,benign,train
1437,1437.JPG,train,7,1,malignant,train
171,171.JPG,train,2,0,benign,train
561,561.JPG,train,6,1,malignant,train
128,128.JPG,train,5,0,benign,train
308,308.JPG,train,2,0,benign,train
347,347.JPG,train,2,0,benign,validation
1353,1353.JPG,train,1,0,benign,validation
1119,1119.JPG,train,1,0,benign,validation
651,651.JPG,train,5,0,benign,validation
324,324.JPG,train,1,0,benign,validation
404,404.JPG,train,1,0,benign,validation
1090,1090.JPG,train,6,1,malignant,validation
1160,1160.JPG,train,0,0,benign,validation
650,650.JPG,train,5,0,benign,validation
239,239.JPG,train,0,0,benign,validation
91,91.JPG,train,1,0,benign,validation
330,330.JPG,train,0,0,benign,validation
755,755.JPG,train,2,0,benign,validation
1022,1022.JPG,train,2,0,benign,validation
22,22.JPG,train,6,1,malignant,validation
17,17.JPG,train,0,0,benign,validation
633,633.JPG,train,5,0,benign,validation
455,455.JPG,train,1,0,benign,validation
1256,1256.JPG,train,1,0,benign,validation
413,413.JPG,train,6,1,malignant,validation
1016,1016.JPG,train,2,0,benign,validation
885,885.JPG,train,0,0,benign,validation
1178,1178.JPG,train,5,0,benign,validation
13,13.JPG,train,0,0,benign,validation
673,673.JPG,train,0,0,benign,validation
1056,1056.JPG,train,2,0,benign,validation
619,619.JPG,train,1,0,benign,validation
1007,1007.JPG,train,0,0,benign,validation
29,29.JPG,train,0,0,benign,validation
1077,1077.JPG,train,2,0,benign,validation
489,489.JPG,train,2,0,benign,validation
471,471.JPG,train,0,0,benign,validation
349,349.JPG,train,2,0,benign,validation
1114,1114.JPG,train,5,0,benign,validation
910,910.JPG,train,0,0,benign,validation
843,843.JPG,train,0,0,benign,validation
895,895.JPG,train,6,1,malignant,validation
482,482.JPG,train,5,0,benign,validation
1026,1026.JPG,train,0,0,benign,validation
667,667.JPG,train,1,0,benign,validation
848,848.JPG,train,1,0,benign,validation
215,215.JPG,train,6,1,malignant,validation
510,510.JPG,train,5,0,benign,validation
190,190.JPG,train,0,0,benign,validation
926,926.JPG,train,2,0,benign,validation
6,6.JPG,train,0,0,benign,validation
169,169.JPG,train,2,0,benign,validation
635,635.JPG,train,2,0,benign,validation
946,946.JPG,train,2,0,benign,validation
574,574.JPG,train,5,0,benign,validation
807,807.JPG,train,5,0,benign,validation
196,196.JPG,train,0,0,benign,validation
1296,1296.JPG,train,0,0,benign,validation
1135,1135.JPG,train,0,0,benign,validation
669,669.JPG,train,4,0,benign,validation
135,135.JPG,train,5,0,benign,validation
329,329.JPG,train,0,0,benign,validation
754,754.JPG,train,2,0,benign,validation
869,869.JPG,train,2,0,benign,validation
93,93.JPG,train,1,0,benign,validation
302,302.JPG,train,1,0,benign,validation
151,151.JPG,train,3,0,benign,validation
44,44.JPG,train,4,0,benign,validation
920,920.JPG,train,6,1,malignant,validation
334,334.JPG,train,0,0,benign,validation
814,814.JPG,train,6,1,malignant,validation
1429,1429.JPG,train,7,1,malignant,validation
1005,1005.JPG,train,5,0,benign,validation
1445,1445.JPG,train,7,1,malignant,validation
360,360.JPG,train,3,0,benign,validation
1050,1050.JPG,train,1,0,benign,validation
1010,1010.JPG,train,4,0,benign,validation
771,771.JPG,train,1,0,benign,validation
1198,1198.JPG,train,0,0,benign,validation
107,107.JPG,train,5,0,benign,validation
608,608.JPG,train,3,0,benign,validation
451,451.JPG,train,0,0,benign,validation
1389,1389.JPG,train,5,0,benign,validation
605,605.JPG,train,3,0,benign,validation
1211,1211.JPG,train,0,0,benign,validation
716,716.JPG,train,2,0,benign,validation
1011,1011.JPG,train,4,0,benign,validation
1059,1059.JPG,train,2,0,benign,validation
1333,1333.JPG,train,2,0,benign,validation
400,400.JPG,train,2,0,benign,validation
1439,1439.JPG,train,7,1,malignant,validation
1436,1436.JPG,train,7,1,malignant,validation
418,418.JPG,train,1,0,benign,validation
1172,1172.JPG,train,6,1,malignant,validation
416,416.JPG,train,1,0,benign,validation
978,978.JPG,train,3,0,benign,validation
931,931.JPG,train,5,0,benign,validation
303,303.JPG,train,1,0,benign,validation
1215,1215.JPG,train,0,0,benign,validation
881,881.JPG,train,0,0,benign,validation
584,584.JPG,train,2,0,benign,validation
355,355.JPG,train,3,0,benign,validation
756,756.JPG,train,2,0,benign,validation
380,380.JPG,train,2,0,benign,validation
768,768.JPG,train,2,0,benign,validation
1109,1109.JPG,train,2,0,benign,validation
1144,1144.JPG,train,0,0,benign,validation
683,683.JPG,train,4,0,benign,validation
935,935.JPG,train,2,0,benign,validation
309,309.JPG,train,2,0,benign,validation
1322,1322.JPG,train,6,1,malignant,validation
629,629.JPG,train,3,0,benign,validation
99,99.JPG,train,1,0,benign,validation
365,365.JPG,train,1,0,benign,validation
353,353.JPG,train,3,0,benign,validation
1327,1327.JPG,train,0,0,benign,validation
60,60.JPG,train,1,0,benign,validation
797,797.JPG,train,0,0,benign,validation
586,586.JPG,train,2,0,benign,validation
857,857.JPG,train,2,0,benign,validation
1075,1075.JPG,train,5,0,benign,validation
120,120.JPG,train,5,0,benign,validation
280,280.JPG,train,6,1,malignant,validation
223,223.JPG,train,6,1,malignant,validation
1001,1001.JPG,train,2,0,benign,validation
704,704.JPG,train,5,0,benign,validation
401,401.JPG,train,2,0,benign,validation
242,242.JPG,train,5,0,benign,validation
1428,1428.JPG,train,7,1,malignant,validation
111,111.JPG,train,5,0,benign,validation
85,85.JPG,train,0,0,benign,validation
67,67.JPG,train,2,0,benign,validation
533,533.JPG,train,2,0,benign,validation
1334,1334.JPG,train,2,0,benign,validation
775,775.JPG,train,2,0,benign,validation
1129,1129.JPG,train,1,0,benign,validation
42,42.JPG,train,4,0,benign,validation
815,815.JPG,train,1,0,benign,validation
1245,1245.JPG,train,0,0,benign,validation
662,662.JPG,train,5,0,benign,validation
1137,1137.JPG,train,5,0,benign,validation
480,480.JPG,train,3,0,benign,validation
216,216.JPG,train,5,0,benign,validation
616,616.JPG,train,1,0,benign,validation
19,19.JPG,train,0,0,benign,validation
563,563.JPG,train,1,0,benign,validation
11,11.JPG,train,0,0,benign,validation
1103,1103.JPG,train,0,0,benign,validation
873,873.JPG,train,2,0,benign,validation
711,711.JPG,train,2,0,benign,validation
375,375.JPG,train,0,0,benign,validation
384,384.JPG,train,3,0,benign,validation
927,927.JPG,train,2,0,benign,validation
434,434.JPG,train,2,0,benign,validation
849,849.JPG,train,0,0,benign,validation
51,51.JPG,train,2,0,benign,validation
671,671.JPG,train,5,0,benign,validation
820,820.JPG,train,0,0,benign,validation
390,390.JPG,train,0,0,benign,validation
1452,1452.JPG,train,7,1,malignant,validation
117,117.JPG,train,1,0,benign,validation
1242,1242.JPG,train,2,0,benign,validation
1258,1258.JPG,train,2,0,benign,validation
194,194.JPG,train,0,0,benign,validation
908,908.JPG,train,0,0,benign,validation
402,402.JPG,train,2,0,benign,validation
379,379.JPG,train,2,0,benign,validation
437,437.JPG,train,2,0,benign,validation
1355,1355.JPG,train,1,0,benign,validation
1222,1222.JPG,train,2,0,benign,validation
697,697.JPG,train,6,1,malignant,validation
832,832.JPG,train,6,1,malignant,validation
101,101.JPG,train,1,0,benign,validation
568,568.JPG,train,5,0,benign,validation
523,523.JPG,train,5,0,benign,validation
949,949.JPG,train,2,0,benign,validation
1284,1284.JPG,train,0,0,benign,validation
1189,1189.JPG,train,0,0,benign,validation
1177,1177.JPG,train,6,1,malignant,validation
123,123.JPG,train,5,0,benign,validation
599,599.JPG,train,4,0,benign,validation
1278,1278.JPG,train,0,0,benign,validation
898,898.JPG,train,5,0,benign,validation
1391,1391.JPG,train,2,0,benign,validation
408,408.JPG,train,1,0,benign,validation
415,415.JPG,train,1,0,benign,validation
231,231.JPG,train,5,0,benign,validation
702,702.JPG,train,6,1,malignant,validation
1262,1262.JPG,train,2,0,benign,validation
1117,1117.JPG,train,1,0,benign,validation
1035,1035.JPG,train,5,0,benign,validation
393,393.JPG,train,0,0,benign,validation
954,954.JPG,train,4,0,benign,validation
712,712.JPG,train,2,0,benign,validation
332,332.JPG,train,0,0,benign,validation
219,219.JPG,train,0,0,benign,validation
143,143.JPG,train,5,0,benign,validation
1265,1265.JPG,train,0,0,benign,validation
876,876.JPG,train,0,0,benign,validation
982,982.JPG,train,3,0,benign,validation
1407,1407.JPG,train,5,0,benign,validation
680,680.JPG,train,0,0,benign,validation
232,232.JPG,train,2,0,benign,validation
1443,1443.JPG,train,7,1,malignant,validation
763,763.JPG,train,2,0,benign,validation
1269,1269.JPG,validation,5,0,benign,test
1458,1458.JPG,validation,7,1,malignant,test
700,700.JPG,validation,6,1,malignant,test
264,264.JPG,validation,2,0,benign,test
1017,1017.JPG,validation,2,0,benign,test
991,991.JPG,validation,2,0,benign,test
1337,1337.JPG,validation,2,0,benign,test
359,359.JPG,validation,3,0,benign,test
1083,1083.JPG,validation,2,0,benign,test
1071,1071.JPG,validation,2,0,benign,test
271,271.JPG,validation,5,0,benign,test
448,448.JPG,validation,0,0,benign,test
1270,1270.JPG,validation,1,0,benign,test
747,747.JPG,validation,2,0,benign,test
1229,1229.JPG,validation,1,0,benign,test
553,553.JPG,validation,2,0,benign,test
580,580.JPG,validation,0,0,benign,test
1218,1218.JPG,validation,4,0,benign,test
391,391.JPG,validation,0,0,benign,test
582,582.JPG,validation,0,0,benign,test
84,84.JPG,validation,0,0,benign,test
1440,1440.JPG,validation,7,1,malignant,test
89,89.JPG,validation,1,0,benign,test
1454,1454.JPG,validation,7,1,malignant,test
494,494.JPG,validation,6,1,malignant,test
847,847.JPG,validation,2,0,benign,test
1277,1277.JPG,validation,5,0,benign,test
267,267.JPG,validation,2,0,benign,test
1411,1411.JPG,validation,0,0,benign,test
693,693.JPG,validation,6,1,malignant,test
1329,1329.JPG,validation,0,0,benign,test
258,258.JPG,validation,5,0,benign,test
1323,1323.JPG,validation,5,0,benign,test
1188,1188.JPG,validation,0,0,benign,test
1013,1013.JPG,validation,4,0,benign,test
862,862.JPG,validation,0,0,benign,test
1079,1079.JPG,validation,5,0,benign,test
1352,1352.JPG,validation,1,0,benign,test
778,778.JPG,validation,0,0,benign,test
948,948.JPG,validation,2,0,benign,test
245,245.JPG,validation,5,0,benign,test
536,536.JPG,validation,2,0,benign,test
1208,1208.JPG,validation,0,0,benign,test
535,535.JPG,validation,2,0,benign,test
331,331.JPG,validation,0,0,benign,test
48,48.JPG,validation,2,0,benign,test
784,784.JPG,validation,4,0,benign,test
1032,1032.JPG,validation,0,0,benign,test
592,592.JPG,validation,5,0,benign,test
361,361.JPG,validation,3,0,benign,test
388,388.JPG,validation,0,0,benign,test
27,27.JPG,validation,0,0,benign,test
1130,1130.JPG,validation,4,0,benign,test
430,430.JPG,validation,3,0,benign,test
16,16.JPG,validation,0,0,benign,test
70,70.JPG,validation,2,0,benign,test
741,741.JPG,validation,2,0,benign,test
690,690.JPG,validation,5,0,benign,test
1466,1466.JPG,validation,7,1,malignant,test
442,442.JPG,validation,5,0,benign,test
1384,1384.JPG,validation,5,0,benign,test
548,548.JPG,validation,1,0,benign,test
1162,1162.JPG,validation,0,0,benign,test
1023,1023.JPG,validation,0,0,benign,test
1111,1111.JPG,validation,5,0,benign,test
191,191.JPG,validation,0,0,benign,test
1055,1055.JPG,validation,3,0,benign,test
88,88.JPG,validation,5,0,benign,test
296,296.JPG,validation,1,0,benign,test
842,842.JPG,validation,0,0,benign,test
253,253.JPG,validation,1,0,benign,test
385,385.JPG,validation,1,0,benign,test
973,973.JPG,validation,0,0,benign,test
452,452.JPG,validation,6,1,malignant,test
1366,1366.JPG,validation,0,0,benign,test
1085,1085.JPG,validation,5,0,benign,test
896,896.JPG,validation,6,1,malignant,test
472,472.JPG,validation,1,0,benign,test
493,493.JPG,validation,6,1,malignant,test
234,234.JPG,validation,2,0,benign,test
679,679.JPG,validation,0,0,benign,test
699,699.JPG,validation,6,1,malignant,test
501,501.JPG,validation,4,0,benign,test
436,436.JPG,validation,2,0,benign,test
249,249.JPG,validation,1,0,benign,test
621,621.JPG,validation,5,0,benign,test
322,322.JPG,validation,1,0,benign,test
186,186.JPG,validation,5,0,benign,test
653,653.JPG,validation,2,0,benign,test
129,129.JPG,validation,5,0,benign,test
912,912.JPG,validation,0,0,benign,test
1257,1257.JPG,validation,2,0,benign,test
39,39.JPG,validation,0,0,benign,test
506,506.JPG,validation,2,0,benign,test
1464,1464.JPG,validation,7,1,malignant,test
1038,1038.JPG,validation,0,0,benign,test
512,512.JPG,validation,2,0,benign,test
1181,1181.JPG,validation,3,0,benign,test
228,228.JPG,validation,6,1,malignant,test
170,170.JPG,validation,2,0,benign,test
1033,1033.JPG,validation,5,0,benign,test
883,883.JPG,validation,0,0,benign,test
1065,1065.JPG,validation,2,0,benign,test
639,639.JPG,validation,0,0,benign,test
981,981.JPG,validation,5,0,benign,test
144,144.JPG,validation,5,0,benign,test
98,98.JPG,validation,1,0,benign,test
63,63.JPG,validation,1,0,benign,test
382,382.JPG,validation,2,0,benign,test
1092,1092.JPG,validation,0,0,benign,test
652,652.JPG,validation,5,0,benign,test
1285,1285.JPG,validation,0,0,benign,test
689,689.JPG,validation,5,0,benign,test
998,998.JPG,validation,2,0,benign,test
487,487.JPG,validation,2,0,benign,test
515,515.JPG,validation,5,0,benign,test
1095,1095.JPG,validation,2,0,benign,test
1200,1200.JPG,validation,0,0,benign,test
1444,1444.JPG,validation,7,1,malignant,test
524,524.JPG,validation,2,0,benign,test
1341,1341.JPG,validation,5,0,benign,test
904,904.JPG,validation,2,0,benign,test
90,90.JPG,validation,1,0,benign,test
762,762.JPG,validation,1,0,benign,test
158,158.JPG,validation,5,0,benign,test
776,776.JPG,validation,2,0,benign,test
1376,1376.JPG,validation,4,0,benign,test
145,145.JPG,validation,5,0,benign,test
993,993.JPG,validation,0,0,benign,test
802,802.JPG,validation,0,0,benign,test
800,800.JPG,validation,0,0,benign,test
520,520.JPG,validation,5,0,benign,test
971,971.JPG,validation,2,0,benign,test
953,953.JPG,validation,4,0,benign,test
1039,1039.JPG,validation,5,0,benign,test
94,94.JPG,validation,1,0,benign,test
1123,1123.JPG,validation,1,0,benign,test
1235,1235.JPG,validation,0,0,benign,test
687,687.JPG,validation,5,0,benign,test
148,148.JPG,validation,1,0,benign,test
1042,1042.JPG,validation,2,0,benign,test
477,477.JPG,validation,3,0,benign,test
154,154.JPG,validation,5,0,benign,test
539,539.JPG,validation,0,0,benign,test
1089,1089.JPG,validation,6,1,malignant,test
1413,1413.JPG,validation,1,0,benign,test
371,371.JPG,validation,3,0,benign,test
387,387.JPG,validation,0,0,benign,test
1339,1339.JPG,validation,5,0,benign,test
626,626.JPG,validation,3,0,benign,test
714,714.JPG,validation,2,0,benign,test
636,636.JPG,validation,2,0,benign,test
1432,1432.JPG,validation,7,1,malignant,test
152,152.JPG,validation,3,0,benign,test
73,73.JPG,validation,4,0,benign,test
83,83.JPG,validation,0,0,benign,test
181,181.JPG,validation,2,0,benign,test
594,594.JPG,validation,1,0,benign,test
960,960.JPG,validation,5,0,benign,test
1214,1214.JPG,validation,0,0,benign,test
748,748.JPG,validation,2,0,benign,test
1291,1291.JPG,validation,1,0,benign,test
919,919.JPG,validation,2,0,benign,test
854,854.JPG,validation,6,1,malignant,test
826,826.JPG,validation,0,0,benign,test
261,261.JPG,validation,2,0,benign,test
1374,1374.JPG,validation,4,0,benign,test
149,149.JPG,validation,1,0,benign,test
1461,1461.JPG,validation,7,1,malignant,test
125,125.JPG,validation,2,0,benign,test
600,600.JPG,validation,4,0,benign,test
255,255.JPG,validation,1,0,benign,test
358,358.JPG,validation,3,0,benign,test
1241,1241.JPG,validation,2,0,benign,test
210,210.JPG,validation,5,0,benign,test
1416,1416.JPG,validation,1,0,benign,test
475,475.JPG,validation,2,0,benign,test
1108,1108.JPG,validation,2,0,benign,test
620,620.JPG,validation,5,0,benign,test
392,392.JPG,validation,0,0,benign,test
403,403.JPG,validation,1,0,benign,test
1234,1234.JPG,validation,0,0,benign,test
534,534.JPG,validation,2,0,benign,test
266,266.JPG,validation,5,0,benign,test
606,606.JPG,validation,3,0,benign,test
779,779.JPG,validation,0,0,benign,test
5,5.JPG,validation,4,0,benign,test
770,770.JPG,validation,1,0,benign,test
632,632.JPG,validation,5,0,benign,test
930,930.JPG,validation,5,0,benign,test
916,916.JPG,validation,2,0,benign,test
1169,1169.JPG,validation,0,0,benign,test
897,897.JPG,validation,6,1,malignant,test
707,707.JPG,validation,2,0,benign,test
96,96.JPG,validation,5,0,benign,test
292,292.JPG,validation,0,0,benign,test
1255,1255.JPG,validation,1,0,benign,test
911,911.JPG,validation,0,0,benign,test
177,177.JPG,validation,1,0,benign,test
288,288.JPG,validation,2,0,benign,test
124,124.JPG,validation,5,0,benign,test
560,560.JPG,validation,2,0,benign,test
1238,1238.JPG,validation,4,0,benign,test
816,816.JPG,validation,2,0,benign,test
546,546.JPG,validation,1,0,benign,test
1012,1012.JPG,validation,4,0,benign,test
685,685.JPG,validation,5,0,benign,test
445,445.JPG,validation,0,0,benign,test
386,386.JPG,validation,1,0,benign,test
952,952.JPG,validation,2,0,benign,test
821,821.JPG,validation,1,0,benign,test
363,363.JPG,validation,1,0,benign,test
464,464.JPG,validation,2,0,benign,test
1061,1061.JPG,validation,1,0,benign,test
76,76.JPG,validation,5,0,benign,test
804,804.JPG,validation,0,0,benign,test
878,878.JPG,validation,4,0,benign,test
1307,1307.JPG,validation,0,0,benign,test
631,631.JPG,validation,5,0,benign,test
1378,1378.JPG,validation,1,0,benign,test
26,26.JPG,validation,6,1,malignant,test
517,517.JPG,validation,2,0,benign,test
496,496.JPG,validation,1,0,benign,test
1170,1170.JPG,validation,0,0,benign,test
825,825.JPG,validation,0,0,benign,test
316,316.JPG,validation,1,0,benign,test
691,691.JPG,validation,5,0,benign,test
773,773.JPG,validation,1,0,benign,test
1252,1252.JPG,validation,0,0,benign,test
1388,1388.JPG,validation,1,0,benign,test
894,894.JPG,validation,1,0,benign,test
581,581.JPG,validation,0,0,benign,test
1221,1221.JPG,validation,5,0,benign,test
970,970.JPG,validation,2,0,benign,test
638,638.JPG,validation,2,0,benign,test
1199,1199.JPG,validation,0,0,benign,test
1082,1082.JPG,validation,2,0,benign,test
1054,1054.JPG,validation,3,0,benign,test
1358,1358.JPG,validation,1,0,benign,test
1175,1175.JPG,validation,6,1,malignant,test
752,752.JPG,validation,6,1,malignant,test
1081,1081.JPG,validation,5,0,benign,test
476,476.JPG,validation,3,0,benign,test
203,203.JPG,validation,5,0,benign,test
1306,1306.JPG,validation,1,0,benign,test
440,440.JPG,validation,2,0,benign,test
609,609.JPG,validation,3,0,benign,test
884,884.JPG,validation,5,0,benign,test
193,193.JPG,validation,5,0,benign,test
229,229.JPG,validation,6,1,malignant,test
521,521.JPG,validation,5,0,benign,test
740,740.JPG,validation,2,0,benign,test
962,962.JPG,validation,5,0,benign,test
1347,1347.JPG,validation,0,0,benign,test
1030,1030.JPG,validation,0,0,benign,test
1140,1140.JPG,validation,0,0,benign,test
47,47.JPG,validation,2,0,benign,test
162,162.JPG,validation,0,0,benign,test
1176,1176.JPG,validation,6,1,malignant,test
126,126.JPG,validation,5,0,benign,test
21,21.JPG,validation,6,1,malignant,test
323,323.JPG,validation,1,0,benign,test
102,102.JPG,validation,1,0,benign,test
672,672.JPG,validation,5,0,benign,test
1076,1076.JPG,validation,2,0,benign,test
1157,1157.JPG,validation,2,0,benign,test
1104,1104.JPG,validation,0,0,benign,test
1302,1302.JPG,validation,2,0,benign,test
3,3.JPG,validation,4,0,benign,test
15,15.JPG,validation,0,0,benign,test
792,792.JPG,validation,0,0,benign,test
1230,1230.JPG,validation,1,0,benign,test
1390,1390.JPG,validation,5,0,benign,test
558,558.JPG,validation,5,0,benign,test
1340,1340.JPG,validation,5,0,benign,test
1295,1295.JPG,validation,3,0,benign,test
979,979.JPG,validation,3,0,benign,test
1469,1469.JPG,validation,7,1,malignant,test
495,495.JPG,validation,1,0,benign,test
508,508.JPG,validation,5,0,benign,test
168,168.JPG,validation,2,0,benign,test
326,326.JPG,validation,0,0,benign,test
937,937.JPG,validation,2,0,benign,test
682,682.JPG,validation,4,0,benign,test
1317,1317.JPG,validation,6,1,malignant,test
114,114.JPG,validation,5,0,benign,test
1393,1393.JPG,validation,5,0,benign,test
965,965.JPG,validation,5,0,benign,test
377,377.JPG,validation,0,0,benign,test
644,644.JPG,validation,0,0,benign,test
1367,1367.JPG,validation,0,0,benign,test
299,299.JPG,validation,6,1,malignant,test
870,870.JPG,validation,2,0,benign,test
1046,1046.JPG,validation,0,0,benign,test
1133,1133.JPG,validation,3,0,benign,test
1049,1049.JPG,validation,0,0,benign,test
718,718.JPG,validation,0,0,benign,test
443,443.JPG,validation,2,0,benign,test
1073,1073.JPG,validation,2,0,benign,test
1401,1401.JPG,validation,2,0,benign,test
1305,1305.JPG,validation,2,0,benign,test
136,136.JPG,validation,5,0,benign,test
64,64.JPG,validation,1,0,benign,test
1171,1171.JPG,validation,0,0,benign,test
1365,1365.JPG,validation,0,0,benign,test
1066,1066.JPG,validation,5,0,benign,test
159,159.JPG,validation,0,0,benign,test
554,554.JPG,validation,2,0,benign,test
473,473.JPG,validation,0,0,benign,test
468,468.JPG,validation,6,1,malignant,test
8,8.JPG,validation,0,0,benign,test
1382,1382.JPG,validation,5,0,benign,test
751,751.JPG,validation,6,1,malignant,test
1331,1331.JPG,validation,0,0,benign,test
1002,1002.JPG,validation,5,0,benign,test
1167,1167.JPG,validation,0,0,benign,test
985,985.JPG,validation,3,0,benign,test
301,301.JPG,validation,1,0,benign,test
863,863.JPG,validation,0,0,benign,test
1288,1288.JPG,validation,0,0,benign,test
868,868.JPG,validation,0,0,benign,test
1018,1018.JPG,validation,2,0,benign,test
1435,1435.JPG,validation,7,1,malignant,test
921,921.JPG,validation,6,1,malignant,test
514,514.JPG,validation,5,0,benign,test
1430,1430.JPG,validation,7,1,malignant,test
1325,1325.JPG,validation,0,0,benign,test
1184,1184.JPG,validation,3,0,benign,test
1143,1143.JPG,validation,0,0,benign,test
453,453.JPG,validation,0,0,benign,test
1381,1381.JPG,validation,1,0,benign,test
936,936.JPG,validation,2,0,benign,test
333,333.JPG,validation,0,0,benign,test
134,134.JPG,validation,5,0,benign,test
944,944.JPG,validation,2,0,benign,test
412,412.JPG,validation,6,1,malignant,test
220,220.JPG,validation,0,0,benign,test
1336,1336.JPG,validation,2,0,benign,test
872,872.JPG,validation,2,0,benign,test
306,306.JPG,validation,2,0,benign,test
504,504.JPG,validation,2,0,benign,test
336,336.JPG,validation,2,0,benign,test
1244,1244.JPG,validation,2,0,benign,test
837,837.JPG,validation,3,0,benign,test
732,732.JPG,validation,0,0,benign,test
1308,1308.JPG,validation,0,0,benign,test
315,315.JPG,validation,0,0,benign,test
585,585.JPG,validation,2,0,benign,test
163,163.JPG,validation,0,0,benign,test
1273,1273.JPG,validation,1,0,benign,test
1134,1134.JPG,validation,3,0,benign,test
661,661.JPG,validation,5,0,benign,test
1427,1427.JPG,validation,7,1,malignant,test
1024,1024.JPG,validation,0,0,benign,test
237,237.JPG,validation,2,0,benign,test
206,206.JPG,validation,0,0,benign,test
1062,1062.JPG,validation,0,0,benign,test
350,350.JPG,validation,2,0,benign,test
429,429.JPG,validation,3,0,benign,test
71,71.JPG,validation,0,0,benign,test
627,627.JPG,validation,3,0,benign,test
354,354.JPG,validation,3,0,benign,test
1014,1014.JPG,validation,5,0,benign,test
431,431.JPG,validation,3,0,benign,test
694,694.JPG,validation,6,1,malignant,test
1354,1354.JPG,validation,1,0,benign,test
225,225.JPG,validation,6,1,malignant,test
1179,1179.JPG,validation,5,0,benign,test
254,254.JPG,validation,1,0,benign,test
1267,1267.JPG,validation,5,0,benign,test
791,791.JPG,validation,0,0,benign,test
1468,1468.JPG,validation,7,1,malignant,test
1224,1224.JPG,validation,2,0,benign,test
281,281.JPG,validation,6,1,malignant,test
344,344.JPG,validation,1,0,benign,test
1132,1132.JPG,validation,4,0,benign,test
1311,1311.JPG,validation,2,0,benign,test
1357,1357.JPG,validation,1,0,benign,test
227,227.JPG,validation,6,1,malignant,test
295,295.JPG,validation,0,0,benign,test
573,573.JPG,validation,5,0,benign,test
649,649.JPG,validation,5,0,benign,test
217,217.JPG,validation,5,0,benign,test
610,610.JPG,validation,3,0,benign,test
1122,1122.JPG,validation,1,0,benign,test
806,806.JPG,validation,5,0,benign,test
1360,1360.JPG,validation,5,0,benign,test
947,947.JPG,validation,2,0,benign,test
966,966.JPG,validation,1,0,benign,test
923,923.JPG,validation,5,0,benign,test
882,882.JPG,validation,0,0,benign,test
1190,1190.JPG,validation,0,0,benign,test
179,179.JPG,validation,4,0,benign,test
383,383.JPG,validation,3,0,benign,test
248,248.JPG,validation,1,0,benign,test
269,269.JPG,validation,2,0,benign,test
906,906.JPG,validation,0,0,benign,test
1078,1078.JPG,validation,5,0,benign,test
877,877.JPG,validation,4,0,benign,test
925,925.JPG,validation,2,0,benign,test
640,640.JPG,validation,0,0,benign,test
137,137.JPG,validation,1,0,benign,test
810,810.JPG,validation,2,0,benign,test
1124,1124.JPG,validation,1,0,benign,test
1173,1173.JPG,validation,6,1,malignant,test
1232,1232.JPG,validation,1,0,benign,test
325,325.JPG,validation,1,0,benign,test
1335,1335.JPG,validation,2,0,benign,test
511,511.JPG,validation,2,0,benign,test
1088,1088.JPG,validation,6,1,malignant,test
701,701.JPG,validation,6,1,malignant,test
817,817.JPG,validation,2,0,benign,test
856,856.JPG,validation,2,0,benign,test
1410,1410.JPG,validation,2,0,benign,test
890,890.JPG,validation,5,0,benign,test
441,441.JPG,validation,2,0,benign,test
352,352.JPG,validation,3,0,benign,test
614,614.JPG,validation,1,0,benign,test
268,268.JPG,validation,2,0,benign,test
1467,1467.JPG,validation,7,1,malignant,test
793,793.JPG,validation,6,1,malignant,test
1091,1091.JPG,validation,0,0,benign,test
240,240.JPG,validation,0,0,benign,test
1373,1373.JPG,validation,2,0,benign,test
1369,1369.JPG,validation,0,0,benign,test
1359,1359.JPG,validation,5,0,benign,test
1217,1217.JPG,validation,0,0,benign,test
735,735.JPG,validation,0,0,benign,test
339,339.JPG,validation,1,0,benign,test
399,399.JPG,validation,2,0,benign,test
1025,1025.JPG,validation,0,0,benign,test
844,844.JPG,validation,0,0,benign,test
155,155.JPG,validation,5,0,benign,test
370,370.JPG,validation,3,0,benign,test
313,313.JPG,validation,0,0,benign,test
602,602.JPG,validation,5,0,benign,test
656,656.JPG,validation,2,0,benign,test
1364,1364.JPG,validation,5,0,benign,test
623,623.JPG,validation,3,0,benign,test
12,12.JPG,validation,0,0,benign,test
1271,1271.JPG,validation,1,0,benign,test
36,36.JPG,validation,0,0,benign,test
864,864.JPG,validation,2,0,benign,test
743,743.JPG,validation,2,0,benign,test
595,595.JPG,validation,1,0,benign,test
474,474.JPG,validation,2,0,benign,test
703,703.JPG,validation,6,1,malignant,test
1460,1460.JPG,validation,7,1,malignant,test
112,112.JPG,validation,5,0,benign,test
201,201.JPG,validation,5,0,benign,test
345,345.JPG,validation,1,0,benign,test
917,917.JPG,validation,2,0,benign,test
945,945.JPG,validation,2,0,benign,test
1254,1254.JPG,validation,0,0,benign,test
1315,1315.JPG,validation,5,0,benign,test
356,356.JPG,validation,3,0,benign,test
532,532.JPG,validation,2,0,benign,test
180,180.JPG,validation,2,0,benign,test
394,394.JPG,validation,0,0,benign,test
1096,1096.JPG,validation,0,0,benign,test
551,551.JPG,validation,5,0,benign,test
1086,1086.JPG,validation,2,0,benign,test
457,457.JPG,validation,1,0,benign,test
488,488.JPG,validation,2,0,benign,test
164,164.JPG,validation,2,0,benign,test
1319,1319.JPG,validation,6,1,malignant,test
957,957.JPG,validation,5,0,benign,test
1404,1404.JPG,validation,5,0,benign,test
934,934.JPG,validation,2,0,benign,test
