architecture,seed,roc_auc,average_precision,sensitivity,specificity
resnet50,42,0.7929009193054137,0.41434459443825983,0.2727272727272727,0.9550561797752809
resnet50,43,0.851123595505618,0.56243581142387,0.5454545454545454,0.9438202247191011
resnet50,44,0.7640449438202247,0.3681997518146092,0.5909090909090909,0.7696629213483146
densenet121,42,0.8541879468845761,0.48277438742244627,0.7727272727272727,0.848314606741573
densenet121,43,0.8595505617977529,0.5190200934509612,0.5909090909090909,0.8764044943820225
densenet121,44,0.8873850868232891,0.6159365575081683,0.6363636363636364,0.9438202247191011
convnext_tiny,42,0.8853421859039836,0.5897772903318363,0.7727272727272727,0.7752808988764045
convnext_tiny,43,0.8291624106230848,0.5295229065630265,0.3181818181818182,0.9775280898876404
convnext_tiny,44,0.8156281920326863,0.5045757631104272,0.2727272727272727,0.9943820224719101
