epoch,train_loss,train_dice,train_iou,val_loss,val_dice,val_iou,epoch_seconds
1,0.4394275175780058,2.4345267941351667e-11,2.4345267941351667e-11,0.4027181175351143,2.532757773475447e-11,2.532757773475447e-11,19.08889627456665
2,0.3280396059900522,0.06811632333548198,0.0516939468409347,0.28712947517633436,0.43993973538279535,0.3301604026556015,18.953399419784546
3,0.26138976857066154,0.41614978208206593,0.3128690040111542,0.29058205664157866,0.5349583289027214,0.40163549199700355,18.994131326675415
4,0.24900335274636745,0.48509378634393213,0.3707423763349652,0.22694278374314308,0.55389829069376,0.43136943876743317,19.04836893081665
5,0.2309941027686,0.5232983203977346,0.40673090221360325,0.24642759904265404,0.49215295001864434,0.37960524365305903,19.047865629196167
6,0.22494455326348542,0.5320124404504896,0.41652584774419665,0.21061944380402564,0.5502330236136913,0.43932588048279286,19.037782907485962
7,0.21576908122748137,0.5628603821247816,0.4473894316330552,0.20277621015906333,0.5720330029726028,0.46269872203469276,19.0619158744812
8,0.20472069531679155,0.5704540295153856,0.45688798252493146,0.19323825225234031,0.5945585986971855,0.486135483533144,19.079832077026367
9,0.1976956345885992,0.5889107373356819,0.47434987369924786,0.20805173888802528,0.6188545635342598,0.49932296961545947,19.08399224281311
10,0.19465821530669927,0.590096209347248,0.47789657801389696,0.18760182932019234,0.598824767768383,0.49524894170463085,19.097296714782715
11,0.19062565371394158,0.6080394282191992,0.4944108474254608,0.18474100530147552,0.6237353664636612,0.5065238532423973,19.10265064239502
12,0.18497882276773453,0.6063897658884525,0.4958981453627348,0.17978266403079032,0.6055326682329177,0.49690375477075577,19.09842872619629
13,0.17695230197161435,0.6380347256362439,0.5269334735535085,0.17117129877209664,0.6303907361626625,0.5236355343461037,19.081729650497437
14,0.17405410900712012,0.641715493015945,0.5314703853055834,0.17952515289187432,0.636466555595398,0.5264881175756454,19.130985975265503
15,0.1671631109341979,0.6560100696980953,0.5454585565626622,0.17331788644194604,0.6674784249067307,0.5532658815383911,19.093859434127808
16,0.16305862149223685,0.6735481408238411,0.5630377901345491,0.15956371679902076,0.6805872517824173,0.5692710018157959,19.101303577423096
17,0.15504519511014223,0.6795109429955483,0.5706231003254651,0.15384835571050645,0.6938884028792381,0.5798962959647178,19.09970760345459
18,0.14925839314237238,0.6981801107525826,0.5898585785925389,0.15268112786114216,0.6603984105587005,0.5583901876211166,19.119550466537476
19,0.13697860768064857,0.7106947565078735,0.605994880348444,0.15957228481769561,0.6874901127815246,0.5768982464075089,19.12315011024475
20,0.13200169334188103,0.7201859271526336,0.6159463019669056,0.157105782777071,0.6855115169286727,0.5730915293097496,19.10639715194702
21,0.12326627543196082,0.7375728303194046,0.6353160892426968,0.155235790386796,0.6694874241948128,0.5690413452684879,19.106905460357666
22,0.11380566177889705,0.7567954391241074,0.6570874185860157,0.15497179418802262,0.6992998474836349,0.5909022808074951,19.101872444152832
23,0.1050510055758059,0.7781935539841652,0.6801344928145409,0.1553744286298752,0.6831863641738891,0.5769027239084243,19.100881099700928
24,0.09093604203313589,0.8015721891820431,0.709128278195858,0.1711004998534918,0.6945132684707641,0.5867342126369476,19.09503960609436
25,0.08211141197010875,0.8275146812200547,0.7397432574629783,0.16075304485857486,0.6990810805559158,0.5971904018521309,19.092809438705444
26,0.07249051570892334,0.8381322902441025,0.7560033564269543,0.17203747116029264,0.7011895048618316,0.5998752215504646,19.126343965530396
27,0.06545635676011444,0.8526903884112835,0.7758359977602959,0.18566587790846825,0.7063279849290848,0.6033345544338227,19.105515241622925
28,0.05823754039593041,0.8675505122542382,0.7921804420650005,0.18155410699546337,0.6608275805413723,0.5518971808999776,19.107566833496094
29,0.05304932753555477,0.8785314479470253,0.8084921908378601,0.17229175567626953,0.6950327259302139,0.5970471465587616,19.101661682128906
30,0.05261235889978707,0.8796962049603462,0.8102141135931015,0.20734187588095665,0.703686251938343,0.6043624913692475,19.124833822250366
31,0.04682211033068597,0.8907042881846428,0.8245987543463706,0.18584776803851127,0.6763853931427002,0.5785565166175366,19.11314630508423
32,0.04481822243891656,0.8939499992132187,0.8321229146420955,0.20986329723149538,0.6940526774525643,0.5964259853959084,19.09387993812561
33,0.03877832027617842,0.9064134874939919,0.8494316327571869,0.21971783526241778,0.7123153355717659,0.6100743308663368,19.09609031677246
34,0.033813301441259686,0.9185345670580864,0.8636087965965271,0.21722817920148374,0.7049305081367493,0.6028917747735977,19.10625648498535
35,0.04028299298137426,0.9082540592551231,0.8506180581450462,0.22884075939655305,0.7100089091062546,0.6123782232403755,19.07382345199585
36,0.03298974313307554,0.9207123428583145,0.8684828922152519,0.23076805233955383,0.6931567713618279,0.5962531954050064,19.099945783615112
37,0.03402557059191167,0.9224458241462707,0.8692609629034996,0.24365636501461269,0.6737415425479412,0.5844118932448328,19.114837408065796
38,0.02961282795295119,0.9316041976213455,0.8830206663906575,0.19125448420643806,0.7061868563294411,0.6074382755160331,19.106395959854126
39,0.027821635589934886,0.9348099130392075,0.8879094350337983,0.22465460244566202,0.7117301785945892,0.6118810150027275,19.102216482162476
40,0.03589207213371992,0.9223592001199722,0.8690256527066231,0.25463468752801416,0.7082051473855973,0.6074834394454957,19.10585117340088
41,0.029143233173526822,0.9317657852172851,0.8849797439575195,0.24741351567208766,0.714546337723732,0.6105689829587937,19.1117582321167
42,0.026633552755229176,0.9358106186985969,0.8900507590174676,0.28761902198195455,0.7057987827062607,0.6072461366653442,19.083495140075684
43,0.0227232329454273,0.9467859986424446,0.9066039237380028,0.31836093015968797,0.7141215056180954,0.6143798273801804,19.096516609191895
44,0.021366712460294365,0.9499397981166839,0.9126034131646157,0.28209701530635356,0.7017015022039413,0.606218273639679,19.090599536895752
45,0.02050751004833728,0.9512504902482033,0.9145867875218392,0.32439268577843905,0.714591618180275,0.618963115811348,19.09673810005188
46,0.019352228036150335,0.9551207560300827,0.9193365621566773,0.2449571257457137,0.7132992035150528,0.6135952752828598,19.07047200202942
47,0.020933428099378943,0.9502036651968956,0.9137500724196435,0.29779900453984737,0.7140763998031616,0.6168554782867431,19.091064453125
48,0.019550086441449822,0.9546216070652008,0.9200947672128678,0.2979728262126446,0.7137975066900253,0.6158509826660157,19.087278604507446
49,0.018260185485705734,0.9587404581904412,0.9254438677430152,0.3139019796997309,0.7042922532558441,0.605984011888504,19.077929973602295
50,0.018051860784180463,0.958701198399067,0.9257217273116112,0.29595466528087855,0.7002024060487747,0.6040701627731323,19.053086042404175
